<?xml version="1.0" standalone="yes"?>
<NewDataSet>
  <Table1>
    <Portfolio_Company xsi:type="xs:string" xmlns:xs="http://www.w3.org/2001/XMLSchema" xmlns:xsi="http://www.w3.org/2001/XMLSchema-instance">Peer</Portfolio_Company>
    <GP_Name xsi:type="xs:string" xmlns:xs="http://www.w3.org/2001/XMLSchema" xmlns:xsi="http://www.w3.org/2001/XMLSchema-instance">harbour group</GP_Name>
    <Input_Search xsi:type="xs:string" xmlns:xs="http://www.w3.org/2001/XMLSchema" xmlns:xsi="http://www.w3.org/2001/XMLSchema-instance">Peer harbour group Acquire -Wikipedia.org -twitter.com -facebook.com -merger.com -pitchbook.com -slideshare.net -https://books.google.co.in/</Input_Search>
    <Keyword xsi:type="xs:string" xmlns:xs="http://www.w3.org/2001/XMLSchema" xmlns:xsi="http://www.w3.org/2001/XMLSchema-instance">Acquire</Keyword>
    <Output_URL xsi:type="xs:string" xmlns:xs="http://www.w3.org/2001/XMLSchema" xmlns:xsi="http://www.w3.org/2001/XMLSchema-instance">https://www.wsj.com/articles/harbour-groups-cleaver-brooks-picks-up-camus-hydronics-1458581455</Output_URL>
    <Is_Date xsi:type="xs:string" xmlns:xs="http://www.w3.org/2001/XMLSchema" xmlns:xsi="http://www.w3.org/2001/XMLSchema-instance">Yes</Is_Date>
    <Date_Count xsi:type="xs:string" xmlns:xs="http://www.w3.org/2001/XMLSchema" xmlns:xsi="http://www.w3.org/2001/XMLSchema-instance">82</Date_Count>
    <Match_Keywords xsi:type="xs:string" xmlns:xs="http://www.w3.org/2001/XMLSchema" xmlns:xsi="http://www.w3.org/2001/XMLSchema-instance">Acquire,Acquired</Match_Keywords>
  </Table1>
  <Table1>
    <Portfolio_Company xsi:type="xs:string" xmlns:xs="http://www.w3.org/2001/XMLSchema" xmlns:xsi="http://www.w3.org/2001/XMLSchema-instance">Peer</Portfolio_Company>
    <GP_Name xsi:type="xs:string" xmlns:xs="http://www.w3.org/2001/XMLSchema" xmlns:xsi="http://www.w3.org/2001/XMLSchema-instance">harbour group</GP_Name>
    <Input_Search xsi:type="xs:string" xmlns:xs="http://www.w3.org/2001/XMLSchema" xmlns:xsi="http://www.w3.org/2001/XMLSchema-instance">Peer harbour group Acquire -Wikipedia.org -twitter.com -facebook.com -merger.com -pitchbook.com -slideshare.net -https://books.google.co.in/</Input_Search>
    <Keyword xsi:type="xs:string" xmlns:xs="http://www.w3.org/2001/XMLSchema" xmlns:xsi="http://www.w3.org/2001/XMLSchema-instance">Acquire</Keyword>
    <Output_URL xsi:type="xs:string" xmlns:xs="http://www.w3.org/2001/XMLSchema" xmlns:xsi="http://www.w3.org/2001/XMLSchema-instance">https://www.spglobal.com/marketintelligence/en/news-insights/trending/8xk58ONAeXH_-ANiDYXrgA2</Output_URL>
    <Is_Date xsi:type="xs:string" xmlns:xs="http://www.w3.org/2001/XMLSchema" xmlns:xsi="http://www.w3.org/2001/XMLSchema-instance">Yes</Is_Date>
    <Date_Count xsi:type="xs:string" xmlns:xs="http://www.w3.org/2001/XMLSchema" xmlns:xsi="http://www.w3.org/2001/XMLSchema-instance">45</Date_Count>
    <Match_Keywords xsi:type="xs:string" xmlns:xs="http://www.w3.org/2001/XMLSchema" xmlns:xsi="http://www.w3.org/2001/XMLSchema-instance">Acquire,Acquired</Match_Keywords>
  </Table1>
  <Table1>
    <Portfolio_Company xsi:type="xs:string" xmlns:xs="http://www.w3.org/2001/XMLSchema" xmlns:xsi="http://www.w3.org/2001/XMLSchema-instance">Peer</Portfolio_Company>
    <GP_Name xsi:type="xs:string" xmlns:xs="http://www.w3.org/2001/XMLSchema" xmlns:xsi="http://www.w3.org/2001/XMLSchema-instance">harbour group</GP_Name>
    <Input_Search xsi:type="xs:string" xmlns:xs="http://www.w3.org/2001/XMLSchema" xmlns:xsi="http://www.w3.org/2001/XMLSchema-instance">Peer harbour group Acquire -Wikipedia.org -twitter.com -facebook.com -merger.com -pitchbook.com -slideshare.net -https://books.google.co.in/</Input_Search>
    <Keyword xsi:type="xs:string" xmlns:xs="http://www.w3.org/2001/XMLSchema" xmlns:xsi="http://www.w3.org/2001/XMLSchema-instance">Acquire</Keyword>
    <Output_URL xsi:type="xs:string" xmlns:xs="http://www.w3.org/2001/XMLSchema" xmlns:xsi="http://www.w3.org/2001/XMLSchema-instance">https://www.sec.gov/Archives/edgar/data/874710/0001014858-96-000030.txt</Output_URL>
    <Is_Date xsi:type="xs:string" xmlns:xs="http://www.w3.org/2001/XMLSchema" xmlns:xsi="http://www.w3.org/2001/XMLSchema-instance">Yes</Is_Date>
    <Date_Count xsi:type="xs:string" xmlns:xs="http://www.w3.org/2001/XMLSchema" xmlns:xsi="http://www.w3.org/2001/XMLSchema-instance">677</Date_Count>
    <Match_Keywords xsi:type="xs:string" xmlns:xs="http://www.w3.org/2001/XMLSchema" xmlns:xsi="http://www.w3.org/2001/XMLSchema-instance">Acquire</Match_Keywords>
  </Table1>
  <Table2>
    <Portfolio_Company xsi:type="xs:string" xmlns:xs="http://www.w3.org/2001/XMLSchema" xmlns:xsi="http://www.w3.org/2001/XMLSchema-instance">Peer</Portfolio_Company>
    <GP_Name xsi:type="xs:string" xmlns:xs="http://www.w3.org/2001/XMLSchema" xmlns:xsi="http://www.w3.org/2001/XMLSchema-instance">harbour group</GP_Name>
    <Input_Search xsi:type="xs:string" xmlns:xs="http://www.w3.org/2001/XMLSchema" xmlns:xsi="http://www.w3.org/2001/XMLSchema-instance">Peer harbour group Acquire -Wikipedia.org -twitter.com -facebook.com -merger.com -pitchbook.com -slideshare.net -https://books.google.co.in/</Input_Search>
    <Keyword xsi:type="xs:string" xmlns:xs="http://www.w3.org/2001/XMLSchema" xmlns:xsi="http://www.w3.org/2001/XMLSchema-instance">Acquire</Keyword>
    <Output_URL xsi:type="xs:string" xmlns:xs="http://www.w3.org/2001/XMLSchema" xmlns:xsi="http://www.w3.org/2001/XMLSchema-instance">https://harbourgroup.com/acquisition-history/</Output_URL>
    <Is_Date xsi:type="xs:string" xmlns:xs="http://www.w3.org/2001/XMLSchema" xmlns:xsi="http://www.w3.org/2001/XMLSchema-instance">No</Is_Date>
    <Date_Count xsi:type="xs:string" xmlns:xs="http://www.w3.org/2001/XMLSchema" xmlns:xsi="http://www.w3.org/2001/XMLSchema-instance">0</Date_Count>
    <Match_Keywords xsi:type="xs:string" xmlns:xs="http://www.w3.org/2001/XMLSchema" xmlns:xsi="http://www.w3.org/2001/XMLSchema-instance">Acquire,Acquired</Match_Keywords>
  </Table2>
  <Table2>
    <Portfolio_Company xsi:type="xs:string" xmlns:xs="http://www.w3.org/2001/XMLSchema" xmlns:xsi="http://www.w3.org/2001/XMLSchema-instance">Peer</Portfolio_Company>
    <GP_Name xsi:type="xs:string" xmlns:xs="http://www.w3.org/2001/XMLSchema" xmlns:xsi="http://www.w3.org/2001/XMLSchema-instance">harbour group</GP_Name>
    <Input_Search xsi:type="xs:string" xmlns:xs="http://www.w3.org/2001/XMLSchema" xmlns:xsi="http://www.w3.org/2001/XMLSchema-instance">Peer harbour group Acquire -Wikipedia.org -twitter.com -facebook.com -merger.com -pitchbook.com -slideshare.net -https://books.google.co.in/</Input_Search>
    <Keyword xsi:type="xs:string" xmlns:xs="http://www.w3.org/2001/XMLSchema" xmlns:xsi="http://www.w3.org/2001/XMLSchema-instance">Acquire</Keyword>
    <Output_URL xsi:type="xs:string" xmlns:xs="http://www.w3.org/2001/XMLSchema" xmlns:xsi="http://www.w3.org/2001/XMLSchema-instance">https://harbourgroup.com/</Output_URL>
    <Is_Date xsi:type="xs:string" xmlns:xs="http://www.w3.org/2001/XMLSchema" xmlns:xsi="http://www.w3.org/2001/XMLSchema-instance">No</Is_Date>
    <Date_Count xsi:type="xs:string" xmlns:xs="http://www.w3.org/2001/XMLSchema" xmlns:xsi="http://www.w3.org/2001/XMLSchema-instance">0</Date_Count>
    <Match_Keywords xsi:type="xs:string" xmlns:xs="http://www.w3.org/2001/XMLSchema" xmlns:xsi="http://www.w3.org/2001/XMLSchema-instance">Acquire,Acquired</Match_Keywords>
  </Table2>
  <Table2>
    <Portfolio_Company xsi:type="xs:string" xmlns:xs="http://www.w3.org/2001/XMLSchema" xmlns:xsi="http://www.w3.org/2001/XMLSchema-instance">Peer</Portfolio_Company>
    <GP_Name xsi:type="xs:string" xmlns:xs="http://www.w3.org/2001/XMLSchema" xmlns:xsi="http://www.w3.org/2001/XMLSchema-instance">harbour group</GP_Name>
    <Input_Search xsi:type="xs:string" xmlns:xs="http://www.w3.org/2001/XMLSchema" xmlns:xsi="http://www.w3.org/2001/XMLSchema-instance">Peer harbour group Acquire -Wikipedia.org -twitter.com -facebook.com -merger.com -pitchbook.com -slideshare.net -https://books.google.co.in/</Input_Search>
    <Keyword xsi:type="xs:string" xmlns:xs="http://www.w3.org/2001/XMLSchema" xmlns:xsi="http://www.w3.org/2001/XMLSchema-instance">Acquire</Keyword>
    <Output_URL xsi:type="xs:string" xmlns:xs="http://www.w3.org/2001/XMLSchema" xmlns:xsi="http://www.w3.org/2001/XMLSchema-instance">https://www.dnb.com/business-directory/company-profiles.harbour_group_ltd.f013759964be8698.html</Output_URL>
    <Is_Date xsi:type="xs:string" xmlns:xs="http://www.w3.org/2001/XMLSchema" xmlns:xsi="http://www.w3.org/2001/XMLSchema-instance">No</Is_Date>
    <Date_Count xsi:type="xs:string" xmlns:xs="http://www.w3.org/2001/XMLSchema" xmlns:xsi="http://www.w3.org/2001/XMLSchema-instance">0</Date_Count>
    <Match_Keywords xsi:type="xs:string" xmlns:xs="http://www.w3.org/2001/XMLSchema" xmlns:xsi="http://www.w3.org/2001/XMLSchema-instance">Acquire,Acquired</Match_Keywords>
  </Table2>
  <Table2>
    <Portfolio_Company xsi:type="xs:string" xmlns:xs="http://www.w3.org/2001/XMLSchema" xmlns:xsi="http://www.w3.org/2001/XMLSchema-instance">Peer</Portfolio_Company>
    <GP_Name xsi:type="xs:string" xmlns:xs="http://www.w3.org/2001/XMLSchema" xmlns:xsi="http://www.w3.org/2001/XMLSchema-instance">harbour group</GP_Name>
    <Input_Search xsi:type="xs:string" xmlns:xs="http://www.w3.org/2001/XMLSchema" xmlns:xsi="http://www.w3.org/2001/XMLSchema-instance">Peer harbour group Acquire -Wikipedia.org -twitter.com -facebook.com -merger.com -pitchbook.com -slideshare.net -https://books.google.co.in/</Input_Search>
    <Keyword xsi:type="xs:string" xmlns:xs="http://www.w3.org/2001/XMLSchema" xmlns:xsi="http://www.w3.org/2001/XMLSchema-instance">Acquire</Keyword>
    <Output_URL xsi:type="xs:string" xmlns:xs="http://www.w3.org/2001/XMLSchema" xmlns:xsi="http://www.w3.org/2001/XMLSchema-instance">https://www.reuters.com/article/us-brewer-yacht-yard-group-m-a-safe-harb/safe-harbor-marinas-buys-peer-as-it-mulls-ipo-sources-idUSKBN15700L</Output_URL>
    <Is_Date xsi:type="xs:string" xmlns:xs="http://www.w3.org/2001/XMLSchema" xmlns:xsi="http://www.w3.org/2001/XMLSchema-instance">No</Is_Date>
    <Date_Count xsi:type="xs:string" xmlns:xs="http://www.w3.org/2001/XMLSchema" xmlns:xsi="http://www.w3.org/2001/XMLSchema-instance">0</Date_Count>
    <Match_Keywords xsi:type="xs:string" xmlns:xs="http://www.w3.org/2001/XMLSchema" xmlns:xsi="http://www.w3.org/2001/XMLSchema-instance">Acquire,Acquired</Match_Keywords>
  </Table2>
  <Table2>
    <Portfolio_Company xsi:type="xs:string" xmlns:xs="http://www.w3.org/2001/XMLSchema" xmlns:xsi="http://www.w3.org/2001/XMLSchema-instance">Peer</Portfolio_Company>
    <GP_Name xsi:type="xs:string" xmlns:xs="http://www.w3.org/2001/XMLSchema" xmlns:xsi="http://www.w3.org/2001/XMLSchema-instance">harbour group</GP_Name>
    <Input_Search xsi:type="xs:string" xmlns:xs="http://www.w3.org/2001/XMLSchema" xmlns:xsi="http://www.w3.org/2001/XMLSchema-instance">Peer harbour group Acquire -Wikipedia.org -twitter.com -facebook.com -merger.com -pitchbook.com -slideshare.net -https://books.google.co.in/</Input_Search>
    <Keyword xsi:type="xs:string" xmlns:xs="http://www.w3.org/2001/XMLSchema" xmlns:xsi="http://www.w3.org/2001/XMLSchema-instance">Acquire</Keyword>
    <Output_URL xsi:type="xs:string" xmlns:xs="http://www.w3.org/2001/XMLSchema" xmlns:xsi="http://www.w3.org/2001/XMLSchema-instance">https://www.axial.net/forum/companies/nutraceuticals-private-equity-firms</Output_URL>
    <Is_Date xsi:type="xs:string" xmlns:xs="http://www.w3.org/2001/XMLSchema" xmlns:xsi="http://www.w3.org/2001/XMLSchema-instance">No</Is_Date>
    <Date_Count xsi:type="xs:string" xmlns:xs="http://www.w3.org/2001/XMLSchema" xmlns:xsi="http://www.w3.org/2001/XMLSchema-instance">0</Date_Count>
    <Match_Keywords xsi:type="xs:string" xmlns:xs="http://www.w3.org/2001/XMLSchema" xmlns:xsi="http://www.w3.org/2001/XMLSchema-instance">Acquire,Acquired</Match_Keywords>
  </Table2>
  <Table2>
    <Portfolio_Company xsi:type="xs:string" xmlns:xs="http://www.w3.org/2001/XMLSchema" xmlns:xsi="http://www.w3.org/2001/XMLSchema-instance">Peer</Portfolio_Company>
    <GP_Name xsi:type="xs:string" xmlns:xs="http://www.w3.org/2001/XMLSchema" xmlns:xsi="http://www.w3.org/2001/XMLSchema-instance">harbour group</GP_Name>
    <Input_Search xsi:type="xs:string" xmlns:xs="http://www.w3.org/2001/XMLSchema" xmlns:xsi="http://www.w3.org/2001/XMLSchema-instance">Peer harbour group Acquire -Wikipedia.org -twitter.com -facebook.com -merger.com -pitchbook.com -slideshare.net -https://books.google.co.in/</Input_Search>
    <Keyword xsi:type="xs:string" xmlns:xs="http://www.w3.org/2001/XMLSchema" xmlns:xsi="http://www.w3.org/2001/XMLSchema-instance">Acquire</Keyword>
    <Output_URL xsi:type="xs:string" xmlns:xs="http://www.w3.org/2001/XMLSchema" xmlns:xsi="http://www.w3.org/2001/XMLSchema-instance">https://www.glassdoor.com/job-listing/ussocom-peo-c4-sr-acquisition-program-management-specialist-po-loch-harbour-group-JV_IC1154429_KO0,62_KE63,81.htm?jl=3495108743</Output_URL>
    <Is_Date xsi:type="xs:string" xmlns:xs="http://www.w3.org/2001/XMLSchema" xmlns:xsi="http://www.w3.org/2001/XMLSchema-instance">No</Is_Date>
    <Date_Count xsi:type="xs:string" xmlns:xs="http://www.w3.org/2001/XMLSchema" xmlns:xsi="http://www.w3.org/2001/XMLSchema-instance">0</Date_Count>
    <Match_Keywords xsi:type="xs:string" xmlns:xs="http://www.w3.org/2001/XMLSchema" xmlns:xsi="http://www.w3.org/2001/XMLSchema-instance">Acquire,Acquired</Match_Keywords>
  </Table2>
  <Table2>
    <Portfolio_Company xsi:type="xs:string" xmlns:xs="http://www.w3.org/2001/XMLSchema" xmlns:xsi="http://www.w3.org/2001/XMLSchema-instance">Peer</Portfolio_Company>
    <GP_Name xsi:type="xs:string" xmlns:xs="http://www.w3.org/2001/XMLSchema" xmlns:xsi="http://www.w3.org/2001/XMLSchema-instance">harbour group</GP_Name>
    <Input_Search xsi:type="xs:string" xmlns:xs="http://www.w3.org/2001/XMLSchema" xmlns:xsi="http://www.w3.org/2001/XMLSchema-instance">Peer harbour group Acquire -Wikipedia.org -twitter.com -facebook.com -merger.com -pitchbook.com -slideshare.net -https://books.google.co.in/</Input_Search>
    <Keyword xsi:type="xs:string" xmlns:xs="http://www.w3.org/2001/XMLSchema" xmlns:xsi="http://www.w3.org/2001/XMLSchema-instance">Acquire</Keyword>
    <Output_URL xsi:type="xs:string" xmlns:xs="http://www.w3.org/2001/XMLSchema" xmlns:xsi="http://www.w3.org/2001/XMLSchema-instance">https://www.millerthomson.com/en/our-services/services/competition-antitrust/client-work/</Output_URL>
    <Is_Date xsi:type="xs:string" xmlns:xs="http://www.w3.org/2001/XMLSchema" xmlns:xsi="http://www.w3.org/2001/XMLSchema-instance">No</Is_Date>
    <Date_Count xsi:type="xs:string" xmlns:xs="http://www.w3.org/2001/XMLSchema" xmlns:xsi="http://www.w3.org/2001/XMLSchema-instance">0</Date_Count>
    <Match_Keywords xsi:type="xs:string" xmlns:xs="http://www.w3.org/2001/XMLSchema" xmlns:xsi="http://www.w3.org/2001/XMLSchema-instance">Acquire</Match_Keywords>
  </Table2>
  <Table2>
    <Portfolio_Company xsi:type="xs:string" xmlns:xs="http://www.w3.org/2001/XMLSchema" xmlns:xsi="http://www.w3.org/2001/XMLSchema-instance">Peer</Portfolio_Company>
    <GP_Name xsi:type="xs:string" xmlns:xs="http://www.w3.org/2001/XMLSchema" xmlns:xsi="http://www.w3.org/2001/XMLSchema-instance">harbour group</GP_Name>
    <Input_Search xsi:type="xs:string" xmlns:xs="http://www.w3.org/2001/XMLSchema" xmlns:xsi="http://www.w3.org/2001/XMLSchema-instance">Peer harbour group Acquired -Wikipedia.org -twitter.com -facebook.com -merger.com -pitchbook.com -slideshare.net -https://books.google.co.in/</Input_Search>
    <Keyword xsi:type="xs:string" xmlns:xs="http://www.w3.org/2001/XMLSchema" xmlns:xsi="http://www.w3.org/2001/XMLSchema-instance">Acquired</Keyword>
    <Output_URL xsi:type="xs:string" xmlns:xs="http://www.w3.org/2001/XMLSchema" xmlns:xsi="http://www.w3.org/2001/XMLSchema-instance">https://www.glassdoor.com/job-listing/ussocom-peo-sr-sr-acquisition-specialist-loch-harbour-group-JV_IC1154429_KO0,40_KE41,59.htm?jl=3495108741</Output_URL>
    <Is_Date xsi:type="xs:string" xmlns:xs="http://www.w3.org/2001/XMLSchema" xmlns:xsi="http://www.w3.org/2001/XMLSchema-instance">No</Is_Date>
    <Date_Count xsi:type="xs:string" xmlns:xs="http://www.w3.org/2001/XMLSchema" xmlns:xsi="http://www.w3.org/2001/XMLSchema-instance">0</Date_Count>
    <Match_Keywords xsi:type="xs:string" xmlns:xs="http://www.w3.org/2001/XMLSchema" xmlns:xsi="http://www.w3.org/2001/XMLSchema-instance">Acquired</Match_Keywords>
  </Table2>
  <Table2>
    <Portfolio_Company xsi:type="xs:string" xmlns:xs="http://www.w3.org/2001/XMLSchema" xmlns:xsi="http://www.w3.org/2001/XMLSchema-instance">Peer</Portfolio_Company>
    <GP_Name xsi:type="xs:string" xmlns:xs="http://www.w3.org/2001/XMLSchema" xmlns:xsi="http://www.w3.org/2001/XMLSchema-instance">harbour group</GP_Name>
    <Input_Search xsi:type="xs:string" xmlns:xs="http://www.w3.org/2001/XMLSchema" xmlns:xsi="http://www.w3.org/2001/XMLSchema-instance">Peer harbour group Acquired -Wikipedia.org -twitter.com -facebook.com -merger.com -pitchbook.com -slideshare.net -https://books.google.co.in/</Input_Search>
    <Keyword xsi:type="xs:string" xmlns:xs="http://www.w3.org/2001/XMLSchema" xmlns:xsi="http://www.w3.org/2001/XMLSchema-instance">Acquired</Keyword>
    <Output_URL xsi:type="xs:string" xmlns:xs="http://www.w3.org/2001/XMLSchema" xmlns:xsi="http://www.w3.org/2001/XMLSchema-instance">https://claytontimes.com/release-harbour-group-acquires-thibaut-design/</Output_URL>
    <Is_Date xsi:type="xs:string" xmlns:xs="http://www.w3.org/2001/XMLSchema" xmlns:xsi="http://www.w3.org/2001/XMLSchema-instance">No</Is_Date>
    <Date_Count xsi:type="xs:string" xmlns:xs="http://www.w3.org/2001/XMLSchema" xmlns:xsi="http://www.w3.org/2001/XMLSchema-instance">0</Date_Count>
    <Match_Keywords xsi:type="xs:string" xmlns:xs="http://www.w3.org/2001/XMLSchema" xmlns:xsi="http://www.w3.org/2001/XMLSchema-instance">Acquired</Match_Keywords>
  </Table2>
</NewDataSet>