{"ProjectBreakpoints":"{\"Value\":{\"Sequence.xaml\":[{\"ConditionalExpression\":null,\"ActionExpression\":null,\"ExpectedHitCounter\":null,\"ShouldContinueAfterAction\":false,\"IsEnabled\":true,\"ActivityIdRef\":\"NavigateTo_1\",\"ActivityId\":\"1.19\",\"ActivityName\":\"Navigate To\"}],\"Process.xaml\":[{\"ConditionalExpression\":null,\"ActionExpression\":null,\"ExpectedHitCounter\":null,\"ShouldContinueAfterAction\":false,\"IsEnabled\":false,\"ActivityIdRef\":\"InvokeWorkflowFile_2\",\"ActivityId\":\"1.2\",\"ActivityName\":\"Invoke Johnstonnc_PdfDownloading workflow\"}]}}","ProjectWatches":"{\"Value\":[]}","OpenedDocuments":"[\"Main.xaml\",\"Process.xaml\",\"IslandFlow/Island_PdfDownloading.xaml\"]"}