<?xml version="1.0" standalone="yes"?>
<NewDataSet>
  <DataTable>
    <Bk>6672</Bk>
    <PG>1808</PG>
  </DataTable>
  <DataTable>
    <Bk>6672</Bk>
    <PG>1817</PG>
  </DataTable>
  <DataTable>
    <Bk>6672</Bk>
    <PG>1818</PG>
  </DataTable>
  <DataTable>
    <Bk>6672</Bk>
    <PG>1833</PG>
  </DataTable>
  <DataTable>
    <Bk>6672</Bk>
    <PG>1854</PG>
  </DataTable>
  <DataTable>
    <Bk>6672</Bk>
    <PG>1855</PG>
  </DataTable>
  <DataTable>
    <Bk>6672</Bk>
    <PG>1872</PG>
  </DataTable>
  <DataTable>
    <Bk>6672</Bk>
    <PG>1873</PG>
  </DataTable>
  <DataTable>
    <Bk>6672</Bk>
    <PG>1874</PG>
  </DataTable>
  <DataTable>
    <Bk>6672</Bk>
    <PG>1876</PG>
  </DataTable>
  <DataTable>
    <Bk>2020</Bk>
    <PG>257</PG>
  </DataTable>
  <DataTable>
    <Bk>6672</Bk>
    <PG>1892</PG>
  </DataTable>
  <DataTable>
    <Bk>6672</Bk>
    <PG>1908</PG>
  </DataTable>
  <DataTable>
    <Bk>6672</Bk>
    <PG>1909</PG>
  </DataTable>
  <DataTable>
    <Bk>6672</Bk>
    <PG>1911</PG>
  </DataTable>
  <DataTable>
    <Bk>6672</Bk>
    <PG>1921</PG>
  </DataTable>
  <DataTable>
    <Bk>6672</Bk>
    <PG>1933</PG>
  </DataTable>
  <DataTable>
    <Bk>6672</Bk>
    <PG>1949</PG>
  </DataTable>
  <DataTable>
    <Bk>6672</Bk>
    <PG>1970</PG>
  </DataTable>
  <DataTable>
    <Bk>6672</Bk>
    <PG>1988</PG>
  </DataTable>
  <DataTable>
    <Bk>6672</Bk>
    <PG>1998</PG>
  </DataTable>
  <DataTable>
    <Bk>2020</Bk>
    <PG>145</PG>
  </DataTable>
  <DataTable>
    <Bk>6672</Bk>
    <PG>1999</PG>
  </DataTable>
  <DataTable>
    <Bk>6672</Bk>
    <PG>2000</PG>
  </DataTable>
  <DataTable>
    <Bk>6672</Bk>
    <PG>2001</PG>
  </DataTable>
  <DataTable>
    <Bk>6672</Bk>
    <PG>2002</PG>
  </DataTable>
  <DataTable>
    <Bk>6672</Bk>
    <PG>2003</PG>
  </DataTable>
  <DataTable>
    <Bk>6672</Bk>
    <PG>2004</PG>
  </DataTable>
  <DataTable>
    <Bk>6672</Bk>
    <PG>2005</PG>
  </DataTable>
  <DataTable>
    <Bk>6672</Bk>
    <PG>2006</PG>
  </DataTable>
  <DataTable>
    <Bk>6672</Bk>
    <PG>2007</PG>
  </DataTable>
  <DataTable>
    <Bk>6672</Bk>
    <PG>2008</PG>
  </DataTable>
  <DataTable>
    <Bk>6672</Bk>
    <PG>2009</PG>
  </DataTable>
  <DataTable>
    <Bk>6672</Bk>
    <PG>2013</PG>
  </DataTable>
  <DataTable>
    <Bk>6672</Bk>
    <PG>2014</PG>
  </DataTable>
  <DataTable>
    <Bk>6672</Bk>
    <PG>2018</PG>
  </DataTable>
  <DataTable>
    <Bk>6672</Bk>
    <PG>2019</PG>
  </DataTable>
  <DataTable>
    <Bk>6672</Bk>
    <PG>2034</PG>
  </DataTable>
  <DataTable>
    <Bk>6672</Bk>
    <PG>2036</PG>
  </DataTable>
  <DataTable>
    <Bk>6672</Bk>
    <PG>2046</PG>
  </DataTable>
  <DataTable>
    <Bk>6672</Bk>
    <PG>2056</PG>
  </DataTable>
  <DataTable>
    <Bk>6672</Bk>
    <PG>2068</PG>
  </DataTable>
  <DataTable>
    <Bk>6672</Bk>
    <PG>2069</PG>
  </DataTable>
  <DataTable>
    <Bk>6672</Bk>
    <PG>2070</PG>
  </DataTable>
  <DataTable>
    <Bk>6672</Bk>
    <PG>2080</PG>
  </DataTable>
  <DataTable>
    <Bk>6672</Bk>
    <PG>2101</PG>
  </DataTable>
  <DataTable>
    <Bk>6672</Bk>
    <PG>2102</PG>
  </DataTable>
  <DataTable>
    <Bk>6672</Bk>
    <PG>2103</PG>
  </DataTable>
  <DataTable>
    <Bk>6672</Bk>
    <PG>2119</PG>
  </DataTable>
  <DataTable>
    <Bk>6672</Bk>
    <PG>2122</PG>
  </DataTable>
  <DataTable>
    <Bk>6672</Bk>
    <PG>2138</PG>
  </DataTable>
  <DataTable>
    <Bk>6672</Bk>
    <PG>2141</PG>
  </DataTable>
  <DataTable>
    <Bk>6672</Bk>
    <PG>2147</PG>
  </DataTable>
  <DataTable>
    <Bk>6672</Bk>
    <PG>2157</PG>
  </DataTable>
  <DataTable>
    <Bk>6672</Bk>
    <PG>2158</PG>
  </DataTable>
  <DataTable>
    <Bk>6672</Bk>
    <PG>2159</PG>
  </DataTable>
  <DataTable>
    <Bk>6672</Bk>
    <PG>2160</PG>
  </DataTable>
  <DataTable>
    <Bk>6672</Bk>
    <PG>2161</PG>
  </DataTable>
  <DataTable>
    <Bk>6672</Bk>
    <PG>2162</PG>
  </DataTable>
  <DataTable>
    <Bk>6672</Bk>
    <PG>2163</PG>
  </DataTable>
  <DataTable>
    <Bk>6672</Bk>
    <PG>2164</PG>
  </DataTable>
  <DataTable>
    <Bk>6672</Bk>
    <PG>2165</PG>
  </DataTable>
  <DataTable>
    <Bk>6672</Bk>
    <PG>2166</PG>
  </DataTable>
  <DataTable>
    <Bk>6672</Bk>
    <PG>2167</PG>
  </DataTable>
  <DataTable>
    <Bk>6672</Bk>
    <PG>2168</PG>
  </DataTable>
  <DataTable>
    <Bk>6672</Bk>
    <PG>2169</PG>
  </DataTable>
  <DataTable>
    <Bk>6672</Bk>
    <PG>2170</PG>
  </DataTable>
  <DataTable>
    <Bk>6672</Bk>
    <PG>2171</PG>
  </DataTable>
  <DataTable>
    <Bk>6672</Bk>
    <PG>2172</PG>
  </DataTable>
  <DataTable>
    <Bk>6672</Bk>
    <PG>2173</PG>
  </DataTable>
  <DataTable>
    <Bk>6672</Bk>
    <PG>2174</PG>
  </DataTable>
  <DataTable>
    <Bk>6672</Bk>
    <PG>2175</PG>
  </DataTable>
  <DataTable>
    <Bk>6672</Bk>
    <PG>2176</PG>
  </DataTable>
  <DataTable>
    <Bk>6672</Bk>
    <PG>2177</PG>
  </DataTable>
  <DataTable>
    <Bk>6672</Bk>
    <PG>2178</PG>
  </DataTable>
  <DataTable>
    <Bk>6672</Bk>
    <PG>2179</PG>
  </DataTable>
  <DataTable>
    <Bk>6672</Bk>
    <PG>2180</PG>
  </DataTable>
  <DataTable>
    <Bk>6672</Bk>
    <PG>2181</PG>
  </DataTable>
  <DataTable>
    <Bk>6672</Bk>
    <PG>2182</PG>
  </DataTable>
  <DataTable>
    <Bk>6672</Bk>
    <PG>2183</PG>
  </DataTable>
  <DataTable>
    <Bk>6672</Bk>
    <PG>2184</PG>
  </DataTable>
  <DataTable>
    <Bk>6672</Bk>
    <PG>2185</PG>
  </DataTable>
  <DataTable>
    <Bk>6672</Bk>
    <PG>2186</PG>
  </DataTable>
  <DataTable>
    <Bk>6672</Bk>
    <PG>2187</PG>
  </DataTable>
  <DataTable>
    <Bk>6672</Bk>
    <PG>2188</PG>
  </DataTable>
  <DataTable>
    <Bk>6672</Bk>
    <PG>2189</PG>
  </DataTable>
  <DataTable>
    <Bk>6672</Bk>
    <PG>2190</PG>
  </DataTable>
  <DataTable>
    <Bk>6672</Bk>
    <PG>2191</PG>
  </DataTable>
  <DataTable>
    <Bk>6672</Bk>
    <PG>2192</PG>
  </DataTable>
  <DataTable>
    <Bk>6672</Bk>
    <PG>2193</PG>
  </DataTable>
  <DataTable>
    <Bk>6672</Bk>
    <PG>2194</PG>
  </DataTable>
  <DataTable>
    <Bk>6672</Bk>
    <PG>2195</PG>
  </DataTable>
  <DataTable>
    <Bk>6672</Bk>
    <PG>2196</PG>
  </DataTable>
  <DataTable>
    <Bk>6672</Bk>
    <PG>2197</PG>
  </DataTable>
  <DataTable>
    <Bk>6672</Bk>
    <PG>2199</PG>
  </DataTable>
  <DataTable>
    <Bk>6672</Bk>
    <PG>2205</PG>
  </DataTable>
  <DataTable>
    <Bk>6672</Bk>
    <PG>2207</PG>
  </DataTable>
  <DataTable>
    <Bk>6672</Bk>
    <PG>2220</PG>
  </DataTable>
  <DataTable>
    <Bk>6672</Bk>
    <PG>2222</PG>
  </DataTable>
  <DataTable>
    <Bk>6672</Bk>
    <PG>2234</PG>
  </DataTable>
  <DataTable>
    <Bk>6672</Bk>
    <PG>2235</PG>
  </DataTable>
  <DataTable>
    <Bk>6672</Bk>
    <PG>2236</PG>
  </DataTable>
  <DataTable>
    <Bk>6672</Bk>
    <PG>2237</PG>
  </DataTable>
  <DataTable>
    <Bk>6672</Bk>
    <PG>2238</PG>
  </DataTable>
  <DataTable>
    <Bk>6672</Bk>
    <PG>2240</PG>
  </DataTable>
  <DataTable>
    <Bk>6672</Bk>
    <PG>2260</PG>
  </DataTable>
  <DataTable>
    <Bk>6672</Bk>
    <PG>2281</PG>
  </DataTable>
  <DataTable>
    <Bk>6672</Bk>
    <PG>2282</PG>
  </DataTable>
  <DataTable>
    <Bk>6672</Bk>
    <PG>2283</PG>
  </DataTable>
  <DataTable>
    <Bk>6672</Bk>
    <PG>2284</PG>
  </DataTable>
  <DataTable>
    <Bk>6672</Bk>
    <PG>2285</PG>
  </DataTable>
  <DataTable>
    <Bk>6672</Bk>
    <PG>2286</PG>
  </DataTable>
  <DataTable>
    <Bk>6672</Bk>
    <PG>2287</PG>
  </DataTable>
  <DataTable>
    <Bk>6672</Bk>
    <PG>2288</PG>
  </DataTable>
  <DataTable>
    <Bk>6672</Bk>
    <PG>2290</PG>
  </DataTable>
  <DataTable>
    <Bk>6672</Bk>
    <PG>2293</PG>
  </DataTable>
  <DataTable>
    <Bk>6672</Bk>
    <PG>2308</PG>
  </DataTable>
  <DataTable>
    <Bk>6672</Bk>
    <PG>2318</PG>
  </DataTable>
  <DataTable>
    <Bk>6672</Bk>
    <PG>2339</PG>
  </DataTable>
  <DataTable>
    <Bk>6672</Bk>
    <PG>2342</PG>
  </DataTable>
  <DataTable>
    <Bk>6672</Bk>
    <PG>2345</PG>
  </DataTable>
  <DataTable>
    <Bk>6672</Bk>
    <PG>2366</PG>
  </DataTable>
  <DataTable>
    <Bk>6672</Bk>
    <PG>2382</PG>
  </DataTable>
  <DataTable>
    <Bk>6672</Bk>
    <PG>2383</PG>
  </DataTable>
  <DataTable>
    <Bk>6672</Bk>
    <PG>2388</PG>
  </DataTable>
  <DataTable>
    <Bk>6673</Bk>
    <PG>1</PG>
  </DataTable>
</NewDataSet>