<?xml version="1.0" standalone="yes"?>
<NewDataSet>
  <DataTable>
    <Description>MORTGAGE
2020673381</Description>
    <DescriptionUrl>../eagleweb/viewDoc.jsp?node=DOC715S21150</DescriptionUrl>
  </DataTable>
  <DataTable>
    <Description>JUDGMENT
2020673450</Description>
    <DescriptionUrl>../eagleweb/viewDoc.jsp?node=DOC716S8134</DescriptionUrl>
  </DataTable>
  <DataTable>
    <Description>PARTIAL RELEASE
2020673418</Description>
    <DescriptionUrl>../eagleweb/viewDoc.jsp?node=DOC715S21184</DescriptionUrl>
  </DataTable>
  <DataTable>
    <Description>PARTIAL RELEASE
2020673419</Description>
    <DescriptionUrl>../eagleweb/viewDoc.jsp?node=DOC715S21185</DescriptionUrl>
  </DataTable>
  <DataTable>
    <Description>PARTIAL RELEASE
2020673421</Description>
    <DescriptionUrl>../eagleweb/viewDoc.jsp?node=DOC715S21187</DescriptionUrl>
  </DataTable>
  <DataTable>
    <Description>PARTIAL RELEASE
2020673540</Description>
    <DescriptionUrl>../eagleweb/viewDoc.jsp?node=DOC715S21270</DescriptionUrl>
  </DataTable>
  <DataTable>
    <Description>DECLARATION
2020673455</Description>
    <DescriptionUrl>../eagleweb/viewDoc.jsp?node=DOC715S21216</DescriptionUrl>
  </DataTable>
  <DataTable>
    <Description>DECLARATION
2020673454</Description>
    <DescriptionUrl>../eagleweb/viewDoc.jsp?node=DOC715S21215</DescriptionUrl>
  </DataTable>
  <DataTable>
    <Description>DECLARATION
2020673560</Description>
    <DescriptionUrl>../eagleweb/viewDoc.jsp?node=DOC715S21289</DescriptionUrl>
  </DataTable>
  <DataTable>
    <Description>DECLARATION
2020673598</Description>
    <DescriptionUrl>../eagleweb/viewDoc.jsp?node=DOC715S21326</DescriptionUrl>
  </DataTable>
  <DataTable>
    <Description>DECLARATION
2020673601</Description>
    <DescriptionUrl>../eagleweb/viewDoc.jsp?node=DOC715S21329</DescriptionUrl>
  </DataTable>
  <DataTable>
    <Description>UNIFORM COMMERCIAL CODE
2020673374</Description>
    <DescriptionUrl>../eagleweb/viewDoc.jsp?node=DOC715S21145</DescriptionUrl>
  </DataTable>
  <DataTable>
    <Description>UNIFORM COMMERCIAL CODE
2020673468</Description>
    <DescriptionUrl>../eagleweb/viewDoc.jsp?node=DOC716S8148</DescriptionUrl>
  </DataTable>
  <DataTable>
    <Description>SUBORDINATION
2020673428</Description>
    <DescriptionUrl>../eagleweb/viewDoc.jsp?node=DOC715S21192</DescriptionUrl>
  </DataTable>
  <DataTable>
    <Description>SUBORDINATION
2020673610</Description>
    <DescriptionUrl>../eagleweb/viewDoc.jsp?node=DOC715S21338</DescriptionUrl>
  </DataTable>
  <DataTable>
    <Description>SUBORDINATION
2020673662</Description>
    <DescriptionUrl>../eagleweb/viewDoc.jsp?node=DOC716S8229</DescriptionUrl>
  </DataTable>
  <DataTable>
    <Description>AGREEMENT
2020673437</Description>
    <DescriptionUrl>../eagleweb/viewDoc.jsp?node=DOC716S8122</DescriptionUrl>
  </DataTable>
  <DataTable>
    <Description>AGREEMENT
2020673541</Description>
    <DescriptionUrl>../eagleweb/viewDoc.jsp?node=DOC715S21271</DescriptionUrl>
  </DataTable>
  <DataTable>
    <Description>AGREEMENT
2020673559</Description>
    <DescriptionUrl>../eagleweb/viewDoc.jsp?node=DOC715S21288</DescriptionUrl>
  </DataTable>
  <DataTable>
    <Description>SEE INSTRUMENT
2020673388</Description>
    <DescriptionUrl>../eagleweb/viewDoc.jsp?node=DOC715S21143</DescriptionUrl>
  </DataTable>
  <DataTable>
    <Description>SEE INSTRUMENT
2020673467</Description>
    <DescriptionUrl>../eagleweb/viewDoc.jsp?node=DOC716S8146</DescriptionUrl>
  </DataTable>
  <DataTable>
    <Description>SEE INSTRUMENT
2020673476</Description>
    <DescriptionUrl>../eagleweb/viewDoc.jsp?node=DOC715S21227</DescriptionUrl>
  </DataTable>
  <DataTable>
    <Description>SEE INSTRUMENT
2020673493</Description>
    <DescriptionUrl>../eagleweb/viewDoc.jsp?node=DOC715S21241</DescriptionUrl>
  </DataTable>
  <DataTable>
    <Description>EASEMENT
2020673444</Description>
    <DescriptionUrl>../eagleweb/viewDoc.jsp?node=DOC716S8128</DescriptionUrl>
  </DataTable>
  <DataTable>
    <Description>EASEMENT
2020673445</Description>
    <DescriptionUrl>../eagleweb/viewDoc.jsp?node=DOC716S8129</DescriptionUrl>
  </DataTable>
  <DataTable>
    <Description>EASEMENT
2020673524</Description>
    <DescriptionUrl>../eagleweb/viewDoc.jsp?node=DOC715S21260</DescriptionUrl>
  </DataTable>
  <DataTable>
    <Description>EASEMENT
2020673548</Description>
    <DescriptionUrl>../eagleweb/viewDoc.jsp?node=DOC715S21283</DescriptionUrl>
  </DataTable>
  <DataTable>
    <Description>EASEMENT
2020673547</Description>
    <DescriptionUrl>../eagleweb/viewDoc.jsp?node=DOC715S21282</DescriptionUrl>
  </DataTable>
  <DataTable>
    <Description>POWER OF ATTORNEY
2020673508</Description>
    <DescriptionUrl>../eagleweb/viewDoc.jsp?node=DOC715S21243</DescriptionUrl>
  </DataTable>
  <DataTable>
    <Description>POWER OF ATTORNEY
2020673555</Description>
    <DescriptionUrl>../eagleweb/viewDoc.jsp?node=DOC716S8194</DescriptionUrl>
  </DataTable>
  <DataTable>
    <Description>NOTICE
2020673384</Description>
    <DescriptionUrl>../eagleweb/viewDoc.jsp?node=DOC715S21162</DescriptionUrl>
  </DataTable>
  <DataTable>
    <Description>NOTICE
2020673435</Description>
    <DescriptionUrl>../eagleweb/viewDoc.jsp?node=DOC715S21200</DescriptionUrl>
  </DataTable>
  <DataTable>
    <Description>ASSIGNMENT
2020673393</Description>
    <DescriptionUrl>../eagleweb/viewDoc.jsp?node=DOC715S21152</DescriptionUrl>
  </DataTable>
  <DataTable>
    <Description>ASSIGNMENT
2020673423</Description>
    <DescriptionUrl>../eagleweb/viewDoc.jsp?node=DOC715S21189</DescriptionUrl>
  </DataTable>
  <DataTable>
    <Description>ASSIGNMENT
2020673438</Description>
    <DescriptionUrl>../eagleweb/viewDoc.jsp?node=DOC715S21201</DescriptionUrl>
  </DataTable>
  <DataTable>
    <Description>ASSIGNMENT
2020673439</Description>
    <DescriptionUrl>../eagleweb/viewDoc.jsp?node=DOC715S21202</DescriptionUrl>
  </DataTable>
  <DataTable>
    <Description>ASSIGNMENT
2020673626</Description>
    <DescriptionUrl>../eagleweb/viewDoc.jsp?node=DOC715S21345</DescriptionUrl>
  </DataTable>
  <DataTable>
    <Description>ASSUMED NAME
2020673576</Description>
    <DescriptionUrl>../eagleweb/viewDoc.jsp?node=DOC716S8196</DescriptionUrl>
  </DataTable>
  <DataTable>
    <Description>DEED
2020673394</Description>
    <DescriptionUrl>../eagleweb/viewDoc.jsp?node=DOC715S21172</DescriptionUrl>
  </DataTable>
  <DataTable>
    <Description>DEED
2020673372</Description>
    <DescriptionUrl>../eagleweb/viewDoc.jsp?node=DOC715S21139</DescriptionUrl>
  </DataTable>
  <DataTable>
    <Description>DEED
2020673371</Description>
    <DescriptionUrl>../eagleweb/viewDoc.jsp?node=DOC715S21138</DescriptionUrl>
  </DataTable>
  <DataTable>
    <Description>DEED
2020673424</Description>
    <DescriptionUrl>../eagleweb/viewDoc.jsp?node=DOC715S21190</DescriptionUrl>
  </DataTable>
  <DataTable>
    <Description>DEED
2020673440</Description>
    <DescriptionUrl>../eagleweb/viewDoc.jsp?node=DOC715S21203</DescriptionUrl>
  </DataTable>
  <DataTable>
    <Description>DEED
2020673452</Description>
    <DescriptionUrl>../eagleweb/viewDoc.jsp?node=DOC715S21211</DescriptionUrl>
  </DataTable>
  <DataTable>
    <Description>DEED
2020673447</Description>
    <DescriptionUrl>../eagleweb/viewDoc.jsp?node=DOC715S21206</DescriptionUrl>
  </DataTable>
  <DataTable>
    <Description>DEED
2020673457</Description>
    <DescriptionUrl>../eagleweb/viewDoc.jsp?node=DOC715S21213</DescriptionUrl>
  </DataTable>
  <DataTable>
    <Description>DEED
2020673462</Description>
    <DescriptionUrl>../eagleweb/viewDoc.jsp?node=DOC715S21219</DescriptionUrl>
  </DataTable>
  <DataTable>
    <Description>DEED
2020673460</Description>
    <DescriptionUrl>../eagleweb/viewDoc.jsp?node=DOC716S8142</DescriptionUrl>
  </DataTable>
  <DataTable>
    <Description>DEED
2020673464</Description>
    <DescriptionUrl>../eagleweb/viewDoc.jsp?node=DOC715S21221</DescriptionUrl>
  </DataTable>
  <DataTable>
    <Description>DEED
2020673469</Description>
    <DescriptionUrl>../eagleweb/viewDoc.jsp?node=DOC715S21223</DescriptionUrl>
  </DataTable>
  <DataTable>
    <Description>DEED
2020673471</Description>
    <DescriptionUrl>../eagleweb/viewDoc.jsp?node=DOC715S21224</DescriptionUrl>
  </DataTable>
  <DataTable>
    <Description>DEED
2020673456</Description>
    <DescriptionUrl>../eagleweb/viewDoc.jsp?node=DOC715S21217</DescriptionUrl>
  </DataTable>
  <DataTable>
    <Description>DEED
2020673475</Description>
    <DescriptionUrl>../eagleweb/viewDoc.jsp?node=DOC715S21226</DescriptionUrl>
  </DataTable>
  <DataTable>
    <Description>DEED
2020673478</Description>
    <DescriptionUrl>../eagleweb/viewDoc.jsp?node=DOC715S21229</DescriptionUrl>
  </DataTable>
  <DataTable>
    <Description>DEED
2020673484</Description>
    <DescriptionUrl>../eagleweb/viewDoc.jsp?node=DOC715S21233</DescriptionUrl>
  </DataTable>
  <DataTable>
    <Description>DEED
2020673482</Description>
    <DescriptionUrl>../eagleweb/viewDoc.jsp?node=DOC716S8157</DescriptionUrl>
  </DataTable>
  <DataTable>
    <Description>DEED
2020673480</Description>
    <DescriptionUrl>../eagleweb/viewDoc.jsp?node=DOC715S21231</DescriptionUrl>
  </DataTable>
  <DataTable>
    <Description>DEED
2020673486</Description>
    <DescriptionUrl>../eagleweb/viewDoc.jsp?node=DOC716S8160</DescriptionUrl>
  </DataTable>
  <DataTable>
    <Description>DEED
2020673487</Description>
    <DescriptionUrl>../eagleweb/viewDoc.jsp?node=DOC715S21235</DescriptionUrl>
  </DataTable>
  <DataTable>
    <Description>DEED
2020673489</Description>
    <DescriptionUrl>../eagleweb/viewDoc.jsp?node=DOC715S21237</DescriptionUrl>
  </DataTable>
  <DataTable>
    <Description>DEED
2020673491</Description>
    <DescriptionUrl>../eagleweb/viewDoc.jsp?node=DOC715S21239</DescriptionUrl>
  </DataTable>
  <DataTable>
    <Description>DEED
2020673509</Description>
    <DescriptionUrl>../eagleweb/viewDoc.jsp?node=DOC715S21244</DescriptionUrl>
  </DataTable>
  <DataTable>
    <Description>DEED
2020673511</Description>
    <DescriptionUrl>../eagleweb/viewDoc.jsp?node=DOC715S21246</DescriptionUrl>
  </DataTable>
  <DataTable>
    <Description>DEED
2020673532</Description>
    <DescriptionUrl>../eagleweb/viewDoc.jsp?node=DOC715S21266</DescriptionUrl>
  </DataTable>
  <DataTable>
    <Description>DEED
2020673516</Description>
    <DescriptionUrl>../eagleweb/viewDoc.jsp?node=DOC715S21249</DescriptionUrl>
  </DataTable>
  <DataTable>
    <Description>DEED
2020673519</Description>
    <DescriptionUrl>../eagleweb/viewDoc.jsp?node=DOC715S21253</DescriptionUrl>
  </DataTable>
  <DataTable>
    <Description>DEED
2020673527</Description>
    <DescriptionUrl>../eagleweb/viewDoc.jsp?node=DOC715S21262</DescriptionUrl>
  </DataTable>
  <DataTable>
    <Description>DEED
2020673537</Description>
    <DescriptionUrl>../eagleweb/viewDoc.jsp?node=DOC715S21272</DescriptionUrl>
  </DataTable>
  <DataTable>
    <Description>DEED
2020673538</Description>
    <DescriptionUrl>../eagleweb/viewDoc.jsp?node=DOC715S21274</DescriptionUrl>
  </DataTable>
  <DataTable>
    <Description>DEED
2020673522</Description>
    <DescriptionUrl>../eagleweb/viewDoc.jsp?node=DOC715S21258</DescriptionUrl>
  </DataTable>
  <DataTable>
    <Description>DEED
2020673529</Description>
    <DescriptionUrl>../eagleweb/viewDoc.jsp?node=DOC715S21256</DescriptionUrl>
  </DataTable>
  <DataTable>
    <Description>DEED
2020673534</Description>
    <DescriptionUrl>../eagleweb/viewDoc.jsp?node=DOC715S21267</DescriptionUrl>
  </DataTable>
  <DataTable>
    <Description>DEED
2020673545</Description>
    <DescriptionUrl>../eagleweb/viewDoc.jsp?node=DOC715S21278</DescriptionUrl>
  </DataTable>
  <DataTable>
    <Description>DEED
2020673535</Description>
    <DescriptionUrl>../eagleweb/viewDoc.jsp?node=DOC715S21268</DescriptionUrl>
  </DataTable>
  <DataTable>
    <Description>DEED
2020673542</Description>
    <DescriptionUrl>../eagleweb/viewDoc.jsp?node=DOC715S21275</DescriptionUrl>
  </DataTable>
  <DataTable>
    <Description>DEED
2020673551</Description>
    <DescriptionUrl>../eagleweb/viewDoc.jsp?node=DOC715S21286</DescriptionUrl>
  </DataTable>
  <DataTable>
    <Description>DEED
2020673561</Description>
    <DescriptionUrl>../eagleweb/viewDoc.jsp?node=DOC715S21290</DescriptionUrl>
  </DataTable>
  <DataTable>
    <Description>DEED
2020673573</Description>
    <DescriptionUrl>../eagleweb/viewDoc.jsp?node=DOC715S21300</DescriptionUrl>
  </DataTable>
  <DataTable>
    <Description>DEED
2020673557</Description>
    <DescriptionUrl>../eagleweb/viewDoc.jsp?node=DOC715S21308</DescriptionUrl>
  </DataTable>
  <DataTable>
    <Description>DEED
2020673581</Description>
    <DescriptionUrl>../eagleweb/viewDoc.jsp?node=DOC715S21311</DescriptionUrl>
  </DataTable>
  <DataTable>
    <Description>DEED
2020673577</Description>
    <DescriptionUrl>../eagleweb/viewDoc.jsp?node=DOC715S21314</DescriptionUrl>
  </DataTable>
  <DataTable>
    <Description>DEED
2020673583</Description>
    <DescriptionUrl>../eagleweb/viewDoc.jsp?node=DOC715S21316</DescriptionUrl>
  </DataTable>
  <DataTable>
    <Description>DEED
2020673592</Description>
    <DescriptionUrl>../eagleweb/viewDoc.jsp?node=DOC715S21322</DescriptionUrl>
  </DataTable>
  <DataTable>
    <Description>DEED
2020673594</Description>
    <DescriptionUrl>../eagleweb/viewDoc.jsp?node=DOC716S8206</DescriptionUrl>
  </DataTable>
  <DataTable>
    <Description>DEED
2020673604</Description>
    <DescriptionUrl>../eagleweb/viewDoc.jsp?node=DOC715S21330</DescriptionUrl>
  </DataTable>
  <DataTable>
    <Description>DEED
2020673599</Description>
    <DescriptionUrl>../eagleweb/viewDoc.jsp?node=DOC715S21327</DescriptionUrl>
  </DataTable>
  <DataTable>
    <Description>DEED
2020673606</Description>
    <DescriptionUrl>../eagleweb/viewDoc.jsp?node=DOC715S21332</DescriptionUrl>
  </DataTable>
  <DataTable>
    <Description>DEED
2020673611</Description>
    <DescriptionUrl>../eagleweb/viewDoc.jsp?node=DOC715S21336</DescriptionUrl>
  </DataTable>
  <DataTable>
    <Description>DEED
2020673614</Description>
    <DescriptionUrl>../eagleweb/viewDoc.jsp?node=DOC716S8211</DescriptionUrl>
  </DataTable>
  <DataTable>
    <Description>DEED
2020673617</Description>
    <DescriptionUrl>../eagleweb/viewDoc.jsp?node=DOC716S8215</DescriptionUrl>
  </DataTable>
  <DataTable>
    <Description>DEED
2020673619</Description>
    <DescriptionUrl>../eagleweb/viewDoc.jsp?node=DOC715S21340</DescriptionUrl>
  </DataTable>
  <DataTable>
    <Description>DEED
2020673625</Description>
    <DescriptionUrl>../eagleweb/viewDoc.jsp?node=DOC715S21343</DescriptionUrl>
  </DataTable>
  <DataTable>
    <Description>DEED
2020673587</Description>
    <DescriptionUrl>../eagleweb/viewDoc.jsp?node=DOC715S21319</DescriptionUrl>
  </DataTable>
  <DataTable>
    <Description>DEED
2020673588</Description>
    <DescriptionUrl>../eagleweb/viewDoc.jsp?node=DOC715S21320</DescriptionUrl>
  </DataTable>
  <DataTable>
    <Description>DEED
2020673589</Description>
    <DescriptionUrl>../eagleweb/viewDoc.jsp?node=DOC715S21321</DescriptionUrl>
  </DataTable>
  <DataTable>
    <Description>DEED
2020673586</Description>
    <DescriptionUrl>../eagleweb/viewDoc.jsp?node=DOC715S21318</DescriptionUrl>
  </DataTable>
  <DataTable>
    <Description>DEED
2020673627</Description>
    <DescriptionUrl>../eagleweb/viewDoc.jsp?node=DOC715S21346</DescriptionUrl>
  </DataTable>
  <DataTable>
    <Description>DEED
2020673635</Description>
    <DescriptionUrl>../eagleweb/viewDoc.jsp?node=DOC715S21352</DescriptionUrl>
  </DataTable>
  <DataTable>
    <Description>DEED
2020673630</Description>
    <DescriptionUrl>../eagleweb/viewDoc.jsp?node=DOC715S21349</DescriptionUrl>
  </DataTable>
  <DataTable>
    <Description>DEED
2020673637</Description>
    <DescriptionUrl>../eagleweb/viewDoc.jsp?node=DOC715S21358</DescriptionUrl>
  </DataTable>
  <DataTable>
    <Description>DEED
2020673640</Description>
    <DescriptionUrl>../eagleweb/viewDoc.jsp?node=DOC715S21356</DescriptionUrl>
  </DataTable>
  <DataTable>
    <Description>DEED
2020673631</Description>
    <DescriptionUrl>../eagleweb/viewDoc.jsp?node=DOC715S21350</DescriptionUrl>
  </DataTable>
  <DataTable>
    <Description>DEED
2020673641</Description>
    <DescriptionUrl>../eagleweb/viewDoc.jsp?node=DOC715S21360</DescriptionUrl>
  </DataTable>
  <DataTable>
    <Description>DEED
2020673644</Description>
    <DescriptionUrl>../eagleweb/viewDoc.jsp?node=DOC715S21362</DescriptionUrl>
  </DataTable>
  <DataTable>
    <Description>DEED
2020673646</Description>
    <DescriptionUrl>../eagleweb/viewDoc.jsp?node=DOC715S21364</DescriptionUrl>
  </DataTable>
  <DataTable>
    <Description>DEED
2020673648</Description>
    <DescriptionUrl>../eagleweb/viewDoc.jsp?node=DOC715S21367</DescriptionUrl>
  </DataTable>
  <DataTable>
    <Description>DEED
2020673633</Description>
    <DescriptionUrl>../eagleweb/viewDoc.jsp?node=DOC715S21354</DescriptionUrl>
  </DataTable>
  <DataTable>
    <Description>DEED
2020673651</Description>
    <DescriptionUrl>../eagleweb/viewDoc.jsp?node=DOC715S21369</DescriptionUrl>
  </DataTable>
  <DataTable>
    <Description>DEED
2020673596</Description>
    <DescriptionUrl>../eagleweb/viewDoc.jsp?node=DOC715S21324</DescriptionUrl>
  </DataTable>
  <DataTable>
    <Description>DEED
2020673660</Description>
    <DescriptionUrl>../eagleweb/viewDoc.jsp?node=DOC716S8227</DescriptionUrl>
  </DataTable>
  <DataTable>
    <Description>DEED
2020673664</Description>
    <DescriptionUrl>../eagleweb/viewDoc.jsp?node=DOC716S8233</DescriptionUrl>
  </DataTable>
  <DataTable>
    <Description>DEED
2020673666</Description>
    <DescriptionUrl>../eagleweb/viewDoc.jsp?node=DOC716S8236</DescriptionUrl>
  </DataTable>
  <DataTable>
    <Description>DEED
2020673658</Description>
    <DescriptionUrl>../eagleweb/viewDoc.jsp?node=DOC715S21375</DescriptionUrl>
  </DataTable>
  <DataTable>
    <Description>DEED
2020673661</Description>
    <DescriptionUrl>../eagleweb/viewDoc.jsp?node=DOC716S8228</DescriptionUrl>
  </DataTable>
  <DataTable>
    <Description>SATISFACTION
2020673386</Description>
    <DescriptionUrl>../eagleweb/viewDoc.jsp?node=DOC715S21164</DescriptionUrl>
  </DataTable>
  <DataTable>
    <Description>SATISFACTION
2020673382</Description>
    <DescriptionUrl>../eagleweb/viewDoc.jsp?node=DOC715S21151</DescriptionUrl>
  </DataTable>
  <DataTable>
    <Description>SATISFACTION
2020673396</Description>
    <DescriptionUrl>../eagleweb/viewDoc.jsp?node=DOC715S21174</DescriptionUrl>
  </DataTable>
  <DataTable>
    <Description>SATISFACTION
2020673398</Description>
    <DescriptionUrl>../eagleweb/viewDoc.jsp?node=DOC715S21153</DescriptionUrl>
  </DataTable>
  <DataTable>
    <Description>SATISFACTION
2020673408</Description>
    <DescriptionUrl>../eagleweb/viewDoc.jsp?node=DOC715S21157</DescriptionUrl>
  </DataTable>
  <DataTable>
    <Description>SATISFACTION
2020673400</Description>
    <DescriptionUrl>../eagleweb/viewDoc.jsp?node=DOC715S21168</DescriptionUrl>
  </DataTable>
  <DataTable>
    <Description>SATISFACTION
2020673399</Description>
    <DescriptionUrl>../eagleweb/viewDoc.jsp?node=DOC715S21144</DescriptionUrl>
  </DataTable>
  <DataTable>
    <Description>SATISFACTION
2020673391</Description>
    <DescriptionUrl>../eagleweb/viewDoc.jsp?node=DOC715S21171</DescriptionUrl>
  </DataTable>
  <DataTable>
    <Description>SATISFACTION
2020673373</Description>
    <DescriptionUrl>../eagleweb/viewDoc.jsp?node=DOC715S21140</DescriptionUrl>
  </DataTable>
  <DataTable>
    <Description>SATISFACTION
2020673376</Description>
    <DescriptionUrl>../eagleweb/viewDoc.jsp?node=DOC715S21147</DescriptionUrl>
  </DataTable>
  <DataTable>
    <Description>SATISFACTION
2020673378</Description>
    <DescriptionUrl>../eagleweb/viewDoc.jsp?node=DOC715S21148</DescriptionUrl>
  </DataTable>
  <DataTable>
    <Description>SATISFACTION
2020673379</Description>
    <DescriptionUrl>../eagleweb/viewDoc.jsp?node=DOC715S21142</DescriptionUrl>
  </DataTable>
  <DataTable>
    <Description>SATISFACTION
2020673401</Description>
    <DescriptionUrl>../eagleweb/viewDoc.jsp?node=DOC715S21154</DescriptionUrl>
  </DataTable>
  <DataTable>
    <Description>SATISFACTION
2020673389</Description>
    <DescriptionUrl>../eagleweb/viewDoc.jsp?node=DOC715S21170</DescriptionUrl>
  </DataTable>
  <DataTable>
    <Description>SATISFACTION
2020673392</Description>
    <DescriptionUrl>../eagleweb/viewDoc.jsp?node=DOC715S21166</DescriptionUrl>
  </DataTable>
  <DataTable>
    <Description>SATISFACTION
2020673397</Description>
    <DescriptionUrl>../eagleweb/viewDoc.jsp?node=DOC715S21167</DescriptionUrl>
  </DataTable>
  <DataTable>
    <Description>SATISFACTION
2020673403</Description>
    <DescriptionUrl>../eagleweb/viewDoc.jsp?node=DOC715S21156</DescriptionUrl>
  </DataTable>
  <DataTable>
    <Description>SATISFACTION
2020673375</Description>
    <DescriptionUrl>../eagleweb/viewDoc.jsp?node=DOC715S21146</DescriptionUrl>
  </DataTable>
  <DataTable>
    <Description>SATISFACTION
2020673402</Description>
    <DescriptionUrl>../eagleweb/viewDoc.jsp?node=DOC715S21175</DescriptionUrl>
  </DataTable>
  <DataTable>
    <Description>SATISFACTION
2020673377</Description>
    <DescriptionUrl>../eagleweb/viewDoc.jsp?node=DOC715S21141</DescriptionUrl>
  </DataTable>
  <DataTable>
    <Description>SATISFACTION
2020673390</Description>
    <DescriptionUrl>../eagleweb/viewDoc.jsp?node=DOC715S21165</DescriptionUrl>
  </DataTable>
  <DataTable>
    <Description>SATISFACTION
2020673409</Description>
    <DescriptionUrl>../eagleweb/viewDoc.jsp?node=DOC715S21158</DescriptionUrl>
  </DataTable>
  <DataTable>
    <Description>SATISFACTION
2020673407</Description>
    <DescriptionUrl>../eagleweb/viewDoc.jsp?node=DOC715S21178</DescriptionUrl>
  </DataTable>
  <DataTable>
    <Description>SATISFACTION
2020673404</Description>
    <DescriptionUrl>../eagleweb/viewDoc.jsp?node=DOC715S21176</DescriptionUrl>
  </DataTable>
  <DataTable>
    <Description>SATISFACTION
2020673405</Description>
    <DescriptionUrl>../eagleweb/viewDoc.jsp?node=DOC715S21177</DescriptionUrl>
  </DataTable>
  <DataTable>
    <Description>SATISFACTION
2020673411</Description>
    <DescriptionUrl>../eagleweb/viewDoc.jsp?node=DOC715S21159</DescriptionUrl>
  </DataTable>
  <DataTable>
    <Description>SATISFACTION
2020673412</Description>
    <DescriptionUrl>../eagleweb/viewDoc.jsp?node=DOC715S21180</DescriptionUrl>
  </DataTable>
  <DataTable>
    <Description>SATISFACTION
2020673417</Description>
    <DescriptionUrl>../eagleweb/viewDoc.jsp?node=DOC715S21182</DescriptionUrl>
  </DataTable>
  <DataTable>
    <Description>SATISFACTION
2020673415</Description>
    <DescriptionUrl>../eagleweb/viewDoc.jsp?node=DOC715S21181</DescriptionUrl>
  </DataTable>
  <DataTable>
    <Description>SATISFACTION
2020673429</Description>
    <DescriptionUrl>../eagleweb/viewDoc.jsp?node=DOC715S21195</DescriptionUrl>
  </DataTable>
  <DataTable>
    <Description>SATISFACTION
2020673426</Description>
    <DescriptionUrl>../eagleweb/viewDoc.jsp?node=DOC715S21194</DescriptionUrl>
  </DataTable>
  <DataTable>
    <Description>SATISFACTION
2020673425</Description>
    <DescriptionUrl>../eagleweb/viewDoc.jsp?node=DOC715S21193</DescriptionUrl>
  </DataTable>
  <DataTable>
    <Description>SATISFACTION
2020673441</Description>
    <DescriptionUrl>../eagleweb/viewDoc.jsp?node=DOC715S21205</DescriptionUrl>
  </DataTable>
  <DataTable>
    <Description>SATISFACTION
2020673443</Description>
    <DescriptionUrl>../eagleweb/viewDoc.jsp?node=DOC716S8127</DescriptionUrl>
  </DataTable>
  <DataTable>
    <Description>SATISFACTION
2020673459</Description>
    <DescriptionUrl>../eagleweb/viewDoc.jsp?node=DOC716S8139</DescriptionUrl>
  </DataTable>
  <DataTable>
    <Description>SATISFACTION
2020673461</Description>
    <DescriptionUrl>../eagleweb/viewDoc.jsp?node=DOC716S8144</DescriptionUrl>
  </DataTable>
  <DataTable>
    <Description>SATISFACTION
2020673470</Description>
    <DescriptionUrl>../eagleweb/viewDoc.jsp?node=DOC716S8150</DescriptionUrl>
  </DataTable>
  <DataTable>
    <Description>SATISFACTION
2020673473</Description>
    <DescriptionUrl>../eagleweb/viewDoc.jsp?node=DOC716S8152</DescriptionUrl>
  </DataTable>
  <DataTable>
    <Description>SATISFACTION
2020673474</Description>
    <DescriptionUrl>../eagleweb/viewDoc.jsp?node=DOC716S8153</DescriptionUrl>
  </DataTable>
  <DataTable>
    <Description>SATISFACTION
2020673494</Description>
    <DescriptionUrl>../eagleweb/viewDoc.jsp?node=DOC715S21242</DescriptionUrl>
  </DataTable>
  <DataTable>
    <Description>SATISFACTION
2020673477</Description>
    <DescriptionUrl>../eagleweb/viewDoc.jsp?node=DOC715S21228</DescriptionUrl>
  </DataTable>
  <DataTable>
    <Description>SATISFACTION
2020673504</Description>
    <DescriptionUrl>../eagleweb/viewDoc.jsp?node=DOC716S8174</DescriptionUrl>
  </DataTable>
  <DataTable>
    <Description>SATISFACTION
2020673505</Description>
    <DescriptionUrl>../eagleweb/viewDoc.jsp?node=DOC716S8175</DescriptionUrl>
  </DataTable>
  <DataTable>
    <Description>SATISFACTION
2020673507</Description>
    <DescriptionUrl>../eagleweb/viewDoc.jsp?node=DOC716S8177</DescriptionUrl>
  </DataTable>
  <DataTable>
    <Description>SATISFACTION
2020673506</Description>
    <DescriptionUrl>../eagleweb/viewDoc.jsp?node=DOC716S8176</DescriptionUrl>
  </DataTable>
  <DataTable>
    <Description>SATISFACTION
2020673499</Description>
    <DescriptionUrl>../eagleweb/viewDoc.jsp?node=DOC716S8168</DescriptionUrl>
  </DataTable>
  <DataTable>
    <Description>SATISFACTION
2020673544</Description>
    <DescriptionUrl>../eagleweb/viewDoc.jsp?node=DOC715S21277</DescriptionUrl>
  </DataTable>
  <DataTable>
    <Description>SATISFACTION
2020673556</Description>
    <DescriptionUrl>../eagleweb/viewDoc.jsp?node=DOC715S21307</DescriptionUrl>
  </DataTable>
  <DataTable>
    <Description>SATISFACTION
2020673593</Description>
    <DescriptionUrl>../eagleweb/viewDoc.jsp?node=DOC715S21323</DescriptionUrl>
  </DataTable>
  <DataTable>
    <Description>SATISFACTION
2020673623</Description>
    <DescriptionUrl>../eagleweb/viewDoc.jsp?node=DOC715S21342</DescriptionUrl>
  </DataTable>
  <DataTable>
    <Description>SATISFACTION
2020673643</Description>
    <DescriptionUrl>../eagleweb/viewDoc.jsp?node=DOC715S21366</DescriptionUrl>
  </DataTable>
  <DataTable>
    <Description>SATISFACTION
2020673656</Description>
    <DescriptionUrl>../eagleweb/viewDoc.jsp?node=DOC715S21374</DescriptionUrl>
  </DataTable>
  <DataTable>
    <Description>SATISFACTION
2020673655</Description>
    <DescriptionUrl>../eagleweb/viewDoc.jsp?node=DOC715S21372</DescriptionUrl>
  </DataTable>
  <DataTable>
    <Description>SATISFACTION
2020673663</Description>
    <DescriptionUrl>../eagleweb/viewDoc.jsp?node=DOC716S8232</DescriptionUrl>
  </DataTable>
  <DataTable>
    <Description>DEED OF TRUST
2020673395</Description>
    <DescriptionUrl>../eagleweb/viewDoc.jsp?node=DOC715S21173</DescriptionUrl>
  </DataTable>
  <DataTable>
    <Description>DEED OF TRUST
2020673385</Description>
    <DescriptionUrl>../eagleweb/viewDoc.jsp?node=DOC715S21163</DescriptionUrl>
  </DataTable>
  <DataTable>
    <Description>DEED OF TRUST
2020673383</Description>
    <DescriptionUrl>../eagleweb/viewDoc.jsp?node=DOC715S21161</DescriptionUrl>
  </DataTable>
  <DataTable>
    <Description>DEED OF TRUST
2020673380</Description>
    <DescriptionUrl>../eagleweb/viewDoc.jsp?node=DOC715S21149</DescriptionUrl>
  </DataTable>
  <DataTable>
    <Description>DEED OF TRUST
2020673387</Description>
    <DescriptionUrl>../eagleweb/viewDoc.jsp?node=DOC715S21169</DescriptionUrl>
  </DataTable>
  <DataTable>
    <Description>DEED OF TRUST
2020673406</Description>
    <DescriptionUrl>../eagleweb/viewDoc.jsp?node=DOC715S21155</DescriptionUrl>
  </DataTable>
  <DataTable>
    <Description>DEED OF TRUST
2020673410</Description>
    <DescriptionUrl>../eagleweb/viewDoc.jsp?node=DOC715S21179</DescriptionUrl>
  </DataTable>
  <DataTable>
    <Description>DEED OF TRUST
2020673413</Description>
    <DescriptionUrl>../eagleweb/viewDoc.jsp?node=DOC715S21160</DescriptionUrl>
  </DataTable>
  <DataTable>
    <Description>DEED OF TRUST
2020673420</Description>
    <DescriptionUrl>../eagleweb/viewDoc.jsp?node=DOC715S21186</DescriptionUrl>
  </DataTable>
  <DataTable>
    <Description>DEED OF TRUST
2020673422</Description>
    <DescriptionUrl>../eagleweb/viewDoc.jsp?node=DOC715S21188</DescriptionUrl>
  </DataTable>
  <DataTable>
    <Description>DEED OF TRUST
2020673430</Description>
    <DescriptionUrl>../eagleweb/viewDoc.jsp?node=DOC715S21196</DescriptionUrl>
  </DataTable>
  <DataTable>
    <Description>DEED OF TRUST
2020673431</Description>
    <DescriptionUrl>../eagleweb/viewDoc.jsp?node=DOC715S21197</DescriptionUrl>
  </DataTable>
  <DataTable>
    <Description>DEED OF TRUST
2020673427</Description>
    <DescriptionUrl>../eagleweb/viewDoc.jsp?node=DOC715S21191</DescriptionUrl>
  </DataTable>
  <DataTable>
    <Description>DEED OF TRUST
2020673433</Description>
    <DescriptionUrl>../eagleweb/viewDoc.jsp?node=DOC715S21198</DescriptionUrl>
  </DataTable>
  <DataTable>
    <Description>DEED OF TRUST
2020673434</Description>
    <DescriptionUrl>../eagleweb/viewDoc.jsp?node=DOC715S21199</DescriptionUrl>
  </DataTable>
  <DataTable>
    <Description>DEED OF TRUST
2020673451</Description>
    <DescriptionUrl>../eagleweb/viewDoc.jsp?node=DOC715S21209</DescriptionUrl>
  </DataTable>
  <DataTable>
    <Description>DEED OF TRUST
2020673448</Description>
    <DescriptionUrl>../eagleweb/viewDoc.jsp?node=DOC715S21207</DescriptionUrl>
  </DataTable>
  <DataTable>
    <Description>DEED OF TRUST
2020673453</Description>
    <DescriptionUrl>../eagleweb/viewDoc.jsp?node=DOC715S21212</DescriptionUrl>
  </DataTable>
  <DataTable>
    <Description>DEED OF TRUST
2020673449</Description>
    <DescriptionUrl>../eagleweb/viewDoc.jsp?node=DOC715S21208</DescriptionUrl>
  </DataTable>
  <DataTable>
    <Description>DEED OF TRUST
2020673458</Description>
    <DescriptionUrl>../eagleweb/viewDoc.jsp?node=DOC715S21214</DescriptionUrl>
  </DataTable>
  <DataTable>
    <Description>DEED OF TRUST
2020673463</Description>
    <DescriptionUrl>../eagleweb/viewDoc.jsp?node=DOC715S21220</DescriptionUrl>
  </DataTable>
  <DataTable>
    <Description>DEED OF TRUST
2020673465</Description>
    <DescriptionUrl>../eagleweb/viewDoc.jsp?node=DOC715S21222</DescriptionUrl>
  </DataTable>
  <DataTable>
    <Description>DEED OF TRUST
2020673472</Description>
    <DescriptionUrl>../eagleweb/viewDoc.jsp?node=DOC715S21225</DescriptionUrl>
  </DataTable>
  <DataTable>
    <Description>DEED OF TRUST
2020673479</Description>
    <DescriptionUrl>../eagleweb/viewDoc.jsp?node=DOC715S21230</DescriptionUrl>
  </DataTable>
  <DataTable>
    <Description>DEED OF TRUST
2020673485</Description>
    <DescriptionUrl>../eagleweb/viewDoc.jsp?node=DOC715S21234</DescriptionUrl>
  </DataTable>
  <DataTable>
    <Description>DEED OF TRUST
2020673481</Description>
    <DescriptionUrl>../eagleweb/viewDoc.jsp?node=DOC715S21232</DescriptionUrl>
  </DataTable>
  <DataTable>
    <Description>DEED OF TRUST
2020673483</Description>
    <DescriptionUrl>../eagleweb/viewDoc.jsp?node=DOC716S8158</DescriptionUrl>
  </DataTable>
  <DataTable>
    <Description>DEED OF TRUST
2020673488</Description>
    <DescriptionUrl>../eagleweb/viewDoc.jsp?node=DOC715S21236</DescriptionUrl>
  </DataTable>
  <DataTable>
    <Description>DEED OF TRUST
2020673515</Description>
    <DescriptionUrl>../eagleweb/viewDoc.jsp?node=DOC715S21251</DescriptionUrl>
  </DataTable>
  <DataTable>
    <Description>DEED OF TRUST
2020673514</Description>
    <DescriptionUrl>../eagleweb/viewDoc.jsp?node=DOC715S21248</DescriptionUrl>
  </DataTable>
  <DataTable>
    <Description>DEED OF TRUST
2020673490</Description>
    <DescriptionUrl>../eagleweb/viewDoc.jsp?node=DOC715S21238</DescriptionUrl>
  </DataTable>
  <DataTable>
    <Description>DEED OF TRUST
2020673492</Description>
    <DescriptionUrl>../eagleweb/viewDoc.jsp?node=DOC715S21240</DescriptionUrl>
  </DataTable>
  <DataTable>
    <Description>DEED OF TRUST
2020673521</Description>
    <DescriptionUrl>../eagleweb/viewDoc.jsp?node=DOC715S21252</DescriptionUrl>
  </DataTable>
  <DataTable>
    <Description>DEED OF TRUST
2020673510</Description>
    <DescriptionUrl>../eagleweb/viewDoc.jsp?node=DOC715S21245</DescriptionUrl>
  </DataTable>
  <DataTable>
    <Description>DEED OF TRUST
2020673512</Description>
    <DescriptionUrl>../eagleweb/viewDoc.jsp?node=DOC715S21247</DescriptionUrl>
  </DataTable>
  <DataTable>
    <Description>DEED OF TRUST
2020673531</Description>
    <DescriptionUrl>../eagleweb/viewDoc.jsp?node=DOC715S21264</DescriptionUrl>
  </DataTable>
  <DataTable>
    <Description>DEED OF TRUST
2020673533</Description>
    <DescriptionUrl>../eagleweb/viewDoc.jsp?node=DOC715S21265</DescriptionUrl>
  </DataTable>
  <DataTable>
    <Description>DEED OF TRUST
2020673517</Description>
    <DescriptionUrl>../eagleweb/viewDoc.jsp?node=DOC715S21250</DescriptionUrl>
  </DataTable>
  <DataTable>
    <Description>DEED OF TRUST
2020673520</Description>
    <DescriptionUrl>../eagleweb/viewDoc.jsp?node=DOC715S21254</DescriptionUrl>
  </DataTable>
  <DataTable>
    <Description>DEED OF TRUST
2020673539</Description>
    <DescriptionUrl>../eagleweb/viewDoc.jsp?node=DOC715S21273</DescriptionUrl>
  </DataTable>
  <DataTable>
    <Description>DEED OF TRUST
2020673528</Description>
    <DescriptionUrl>../eagleweb/viewDoc.jsp?node=DOC715S21263</DescriptionUrl>
  </DataTable>
  <DataTable>
    <Description>DEED OF TRUST
2020673523</Description>
    <DescriptionUrl>../eagleweb/viewDoc.jsp?node=DOC715S21259</DescriptionUrl>
  </DataTable>
  <DataTable>
    <Description>DEED OF TRUST
2020673530</Description>
    <DescriptionUrl>../eagleweb/viewDoc.jsp?node=DOC715S21257</DescriptionUrl>
  </DataTable>
  <DataTable>
    <Description>DEED OF TRUST
2020673543</Description>
    <DescriptionUrl>../eagleweb/viewDoc.jsp?node=DOC715S21276</DescriptionUrl>
  </DataTable>
  <DataTable>
    <Description>DEED OF TRUST
2020673546</Description>
    <DescriptionUrl>../eagleweb/viewDoc.jsp?node=DOC715S21279</DescriptionUrl>
  </DataTable>
  <DataTable>
    <Description>DEED OF TRUST
2020673536</Description>
    <DescriptionUrl>../eagleweb/viewDoc.jsp?node=DOC715S21269</DescriptionUrl>
  </DataTable>
  <DataTable>
    <Description>DEED OF TRUST
2020673549</Description>
    <DescriptionUrl>../eagleweb/viewDoc.jsp?node=DOC715S21284</DescriptionUrl>
  </DataTable>
  <DataTable>
    <Description>DEED OF TRUST
2020673550</Description>
    <DescriptionUrl>../eagleweb/viewDoc.jsp?node=DOC715S21285</DescriptionUrl>
  </DataTable>
  <DataTable>
    <Description>DEED OF TRUST
2020673552</Description>
    <DescriptionUrl>../eagleweb/viewDoc.jsp?node=DOC715S21287</DescriptionUrl>
  </DataTable>
  <DataTable>
    <Description>DEED OF TRUST
2020673554</Description>
    <DescriptionUrl>../eagleweb/viewDoc.jsp?node=DOC715S21299</DescriptionUrl>
  </DataTable>
  <DataTable>
    <Description>DEED OF TRUST
2020673553</Description>
    <DescriptionUrl>../eagleweb/viewDoc.jsp?node=DOC715S21296</DescriptionUrl>
  </DataTable>
  <DataTable>
    <Description>DEED OF TRUST
2020673563</Description>
    <DescriptionUrl>../eagleweb/viewDoc.jsp?node=DOC715S21292</DescriptionUrl>
  </DataTable>
  <DataTable>
    <Description>DEED OF TRUST
2020673562</Description>
    <DescriptionUrl>../eagleweb/viewDoc.jsp?node=DOC715S21291</DescriptionUrl>
  </DataTable>
  <DataTable>
    <Description>DEED OF TRUST
2020673564</Description>
    <DescriptionUrl>../eagleweb/viewDoc.jsp?node=DOC715S21293</DescriptionUrl>
  </DataTable>
  <DataTable>
    <Description>DEED OF TRUST
2020673565</Description>
    <DescriptionUrl>../eagleweb/viewDoc.jsp?node=DOC715S21294</DescriptionUrl>
  </DataTable>
  <DataTable>
    <Description>DEED OF TRUST
2020673566</Description>
    <DescriptionUrl>../eagleweb/viewDoc.jsp?node=DOC715S21295</DescriptionUrl>
  </DataTable>
  <DataTable>
    <Description>DEED OF TRUST
2020673574</Description>
    <DescriptionUrl>../eagleweb/viewDoc.jsp?node=DOC715S21301</DescriptionUrl>
  </DataTable>
  <DataTable>
    <Description>DEED OF TRUST
2020673575</Description>
    <DescriptionUrl>../eagleweb/viewDoc.jsp?node=DOC715S21313</DescriptionUrl>
  </DataTable>
  <DataTable>
    <Description>DEED OF TRUST
2020673567</Description>
    <DescriptionUrl>../eagleweb/viewDoc.jsp?node=DOC715S21310</DescriptionUrl>
  </DataTable>
  <DataTable>
    <Description>DEED OF TRUST
2020673568</Description>
    <DescriptionUrl>../eagleweb/viewDoc.jsp?node=DOC715S21302</DescriptionUrl>
  </DataTable>
  <DataTable>
    <Description>DEED OF TRUST
2020673569</Description>
    <DescriptionUrl>../eagleweb/viewDoc.jsp?node=DOC715S21303</DescriptionUrl>
  </DataTable>
  <DataTable>
    <Description>DEED OF TRUST
2020673572</Description>
    <DescriptionUrl>../eagleweb/viewDoc.jsp?node=DOC715S21306</DescriptionUrl>
  </DataTable>
  <DataTable>
    <Description>DEED OF TRUST
2020673570</Description>
    <DescriptionUrl>../eagleweb/viewDoc.jsp?node=DOC715S21304</DescriptionUrl>
  </DataTable>
  <DataTable>
    <Description>DEED OF TRUST
2020673571</Description>
    <DescriptionUrl>../eagleweb/viewDoc.jsp?node=DOC715S21305</DescriptionUrl>
  </DataTable>
  <DataTable>
    <Description>DEED OF TRUST
2020673582</Description>
    <DescriptionUrl>../eagleweb/viewDoc.jsp?node=DOC715S21312</DescriptionUrl>
  </DataTable>
  <DataTable>
    <Description>DEED OF TRUST
2020673578</Description>
    <DescriptionUrl>../eagleweb/viewDoc.jsp?node=DOC715S21315</DescriptionUrl>
  </DataTable>
  <DataTable>
    <Description>DEED OF TRUST
2020673558</Description>
    <DescriptionUrl>../eagleweb/viewDoc.jsp?node=DOC715S21309</DescriptionUrl>
  </DataTable>
  <DataTable>
    <Description>DEED OF TRUST
2020673584</Description>
    <DescriptionUrl>../eagleweb/viewDoc.jsp?node=DOC715S21317</DescriptionUrl>
  </DataTable>
  <DataTable>
    <Description>DEED OF TRUST
2020673605</Description>
    <DescriptionUrl>../eagleweb/viewDoc.jsp?node=DOC715S21331</DescriptionUrl>
  </DataTable>
  <DataTable>
    <Description>DEED OF TRUST
2020673600</Description>
    <DescriptionUrl>../eagleweb/viewDoc.jsp?node=DOC715S21328</DescriptionUrl>
  </DataTable>
  <DataTable>
    <Description>DEED OF TRUST
2020673609</Description>
    <DescriptionUrl>../eagleweb/viewDoc.jsp?node=DOC715S21335</DescriptionUrl>
  </DataTable>
  <DataTable>
    <Description>DEED OF TRUST
2020673607</Description>
    <DescriptionUrl>../eagleweb/viewDoc.jsp?node=DOC715S21333</DescriptionUrl>
  </DataTable>
  <DataTable>
    <Description>DEED OF TRUST
2020673608</Description>
    <DescriptionUrl>../eagleweb/viewDoc.jsp?node=DOC715S21334</DescriptionUrl>
  </DataTable>
  <DataTable>
    <Description>DEED OF TRUST
2020673612</Description>
    <DescriptionUrl>../eagleweb/viewDoc.jsp?node=DOC715S21337</DescriptionUrl>
  </DataTable>
  <DataTable>
    <Description>DEED OF TRUST
2020673618</Description>
    <DescriptionUrl>../eagleweb/viewDoc.jsp?node=DOC716S8216</DescriptionUrl>
  </DataTable>
  <DataTable>
    <Description>DEED OF TRUST
2020673613</Description>
    <DescriptionUrl>../eagleweb/viewDoc.jsp?node=DOC715S21339</DescriptionUrl>
  </DataTable>
  <DataTable>
    <Description>DEED OF TRUST
2020673597</Description>
    <DescriptionUrl>../eagleweb/viewDoc.jsp?node=DOC715S21325</DescriptionUrl>
  </DataTable>
  <DataTable>
    <Description>DEED OF TRUST
2020673620</Description>
    <DescriptionUrl>../eagleweb/viewDoc.jsp?node=DOC715S21341</DescriptionUrl>
  </DataTable>
  <DataTable>
    <Description>DEED OF TRUST
2020673624</Description>
    <DescriptionUrl>../eagleweb/viewDoc.jsp?node=DOC715S21344</DescriptionUrl>
  </DataTable>
  <DataTable>
    <Description>DEED OF TRUST
2020673628</Description>
    <DescriptionUrl>../eagleweb/viewDoc.jsp?node=DOC715S21347</DescriptionUrl>
  </DataTable>
  <DataTable>
    <Description>DEED OF TRUST
2020673629</Description>
    <DescriptionUrl>../eagleweb/viewDoc.jsp?node=DOC715S21348</DescriptionUrl>
  </DataTable>
  <DataTable>
    <Description>DEED OF TRUST
2020673636</Description>
    <DescriptionUrl>../eagleweb/viewDoc.jsp?node=DOC715S21353</DescriptionUrl>
  </DataTable>
  <DataTable>
    <Description>DEED OF TRUST
2020673638</Description>
    <DescriptionUrl>../eagleweb/viewDoc.jsp?node=DOC715S21359</DescriptionUrl>
  </DataTable>
  <DataTable>
    <Description>DEED OF TRUST
2020673639</Description>
    <DescriptionUrl>../eagleweb/viewDoc.jsp?node=DOC715S21357</DescriptionUrl>
  </DataTable>
  <DataTable>
    <Description>DEED OF TRUST
2020673632</Description>
    <DescriptionUrl>../eagleweb/viewDoc.jsp?node=DOC715S21351</DescriptionUrl>
  </DataTable>
  <DataTable>
    <Description>DEED OF TRUST
2020673642</Description>
    <DescriptionUrl>../eagleweb/viewDoc.jsp?node=DOC715S21361</DescriptionUrl>
  </DataTable>
  <DataTable>
    <Description>DEED OF TRUST
2020673645</Description>
    <DescriptionUrl>../eagleweb/viewDoc.jsp?node=DOC715S21363</DescriptionUrl>
  </DataTable>
  <DataTable>
    <Description>DEED OF TRUST
2020673647</Description>
    <DescriptionUrl>../eagleweb/viewDoc.jsp?node=DOC715S21365</DescriptionUrl>
  </DataTable>
  <DataTable>
    <Description>DEED OF TRUST
2020673649</Description>
    <DescriptionUrl>../eagleweb/viewDoc.jsp?node=DOC715S21368</DescriptionUrl>
  </DataTable>
  <DataTable>
    <Description>DEED OF TRUST
2020673654</Description>
    <DescriptionUrl>../eagleweb/viewDoc.jsp?node=DOC715S21371</DescriptionUrl>
  </DataTable>
  <DataTable>
    <Description>DEED OF TRUST
2020673657</Description>
    <DescriptionUrl>../eagleweb/viewDoc.jsp?node=DOC715S21373</DescriptionUrl>
  </DataTable>
  <DataTable>
    <Description>DEED OF TRUST
2020673652</Description>
    <DescriptionUrl>../eagleweb/viewDoc.jsp?node=DOC715S21370</DescriptionUrl>
  </DataTable>
  <DataTable>
    <Description>DEED OF TRUST
2020673634</Description>
    <DescriptionUrl>../eagleweb/viewDoc.jsp?node=DOC715S21355</DescriptionUrl>
  </DataTable>
  <DataTable>
    <Description>DEED OF TRUST
2020673665</Description>
    <DescriptionUrl>../eagleweb/viewDoc.jsp?node=DOC716S8234</DescriptionUrl>
  </DataTable>
  <DataTable>
    <Description>DEED OF TRUST
2020673659</Description>
    <DescriptionUrl>../eagleweb/viewDoc.jsp?node=DOC715S21376</DescriptionUrl>
  </DataTable>
  <DataTable>
    <Description>DEED OF TRUST
2020673667</Description>
    <DescriptionUrl>../eagleweb/viewDoc.jsp?node=DOC716S8237</DescriptionUrl>
  </DataTable>
  <DataTable>
    <Description>PLAT
2020673518</Description>
    <DescriptionUrl>../eagleweb/viewDoc.jsp?node=DOC716S8182</DescriptionUrl>
  </DataTable>
</NewDataSet>