{"ProjectBreakpoints":"{\"Value\":{\"Sequence.xaml\":[{\"ConditionalExpression\":null,\"ActionExpression\":null,\"ExpectedHitCounter\":null,\"ShouldContinueAfterAction\":false,\"IsEnabled\":true,\"ActivityIdRef\":\"NavigateTo_1\",\"ActivityId\":null,\"ActivityName\":\"Navigate To\"}],\"BurkeFlow/Burke_ExtractDocNmNumber.xaml\":[{\"ConditionalExpression\":null,\"ActionExpression\":null,\"ExpectedHitCounter\":null,\"ShouldContinueAfterAction\":false,\"IsEnabled\":false,\"ActivityIdRef\":\"Assign_6\",\"ActivityId\":\"1.29\",\"ActivityName\":\"Assign\"}],\"BurkeFlow/Burke_PdfDownloading.xaml\":[{\"ConditionalExpression\":null,\"ActionExpression\":null,\"ExpectedHitCounter\":null,\"ShouldContinueAfterAction\":false,\"IsEnabled\":false,\"ActivityIdRef\":\"If_1\",\"ActivityId\":\"1.4\",\"ActivityName\":\"If\"},{\"ConditionalExpression\":null,\"ActionExpression\":null,\"ExpectedHitCounter\":null,\"ShouldContinueAfterAction\":false,\"IsEnabled\":false,\"ActivityIdRef\":\"If_2\",\"ActivityId\":\"1.102\",\"ActivityName\":\"If\"},{\"ConditionalExpression\":null,\"ActionExpression\":null,\"ExpectedHitCounter\":null,\"ShouldContinueAfterAction\":false,\"IsEnabled\":true,\"ActivityIdRef\":\"Assign_1\",\"ActivityId\":\"1.108\",\"ActivityName\":\"Assign\"},{\"ConditionalExpression\":null,\"ActionExpression\":null,\"ExpectedHitCounter\":null,\"ShouldContinueAfterAction\":false,\"IsEnabled\":false,\"ActivityIdRef\":\"Click_2\",\"ActivityId\":\"1.22\",\"ActivityName\":\"Click 'Button'\"},{\"ConditionalExpression\":null,\"ActionExpression\":null,\"ExpectedHitCounter\":null,\"ShouldContinueAfterAction\":false,\"IsEnabled\":false,\"ActivityIdRef\":\"Assign_4\",\"ActivityId\":\"1.37\",\"ActivityName\":\"Assign\"},{\"ConditionalExpression\":null,\"ActionExpression\":null,\"ExpectedHitCounter\":null,\"ShouldContinueAfterAction\":false,\"IsEnabled\":false,\"ActivityIdRef\":\"Sequence_4\",\"ActivityId\":\"1.11\",\"ActivityName\":\"Pdf download flow\"},{\"ConditionalExpression\":null,\"ActionExpression\":null,\"ExpectedHitCounter\":null,\"ShouldContinueAfterAction\":false,\"IsEnabled\":false,\"ActivityIdRef\":\"If_5\",\"ActivityId\":\"1.18\",\"ActivityName\":\"If\"},{\"ConditionalExpression\":null,\"ActionExpression\":null,\"ExpectedHitCounter\":null,\"ShouldContinueAfterAction\":false,\"IsEnabled\":false,\"ActivityIdRef\":\"If_3\",\"ActivityId\":\"1.86\",\"ActivityName\":\"If\"},{\"ConditionalExpression\":null,\"ActionExpression\":null,\"ExpectedHitCounter\":null,\"ShouldContinueAfterAction\":false,\"IsEnabled\":false,\"ActivityIdRef\":\"Sequence_3\",\"ActivityId\":\"1.7\",\"ActivityName\":\"Sequence\"},{\"ConditionalExpression\":null,\"ActionExpression\":null,\"ExpectedHitCounter\":null,\"ShouldContinueAfterAction\":false,\"IsEnabled\":false,\"ActivityIdRef\":\"Sequence_12\",\"ActivityId\":\"1.12\",\"ActivityName\":\"Sequence\"},{\"ConditionalExpression\":null,\"ActionExpression\":null,\"ExpectedHitCounter\":null,\"ShouldContinueAfterAction\":false,\"IsEnabled\":false,\"ActivityIdRef\":\"Assign_13\",\"ActivityId\":\"1.121\",\"ActivityName\":\"Assign\"}],\"Process.xaml\":[{\"ConditionalExpression\":null,\"ActionExpression\":null,\"ExpectedHitCounter\":null,\"ShouldContinueAfterAction\":false,\"IsEnabled\":false,\"ActivityIdRef\":\"InvokeWorkflowFile_2\",\"ActivityId\":\"1.2\",\"ActivityName\":\"Invoke Johnstonnc_PdfDownloading workflow\"}],\"BurkeFlow/Burke_Search.xaml\":[{\"ConditionalExpression\":null,\"ActionExpression\":null,\"ExpectedHitCounter\":null,\"ShouldContinueAfterAction\":false,\"IsEnabled\":false,\"ActivityIdRef\":\"SelectItem_1\",\"ActivityId\":\"1.29\",\"ActivityName\":\"Select Item 'SELECT  recordsperpage'\"}],\"BurkeFlow/Burke_ExtractSearchResult.xaml\":[{\"ConditionalExpression\":null,\"ActionExpression\":null,\"ExpectedHitCounter\":null,\"ShouldContinueAfterAction\":false,\"IsEnabled\":false,\"ActivityIdRef\":\"If_1\",\"ActivityId\":\"1.5\",\"ActivityName\":\"If\"},{\"ConditionalExpression\":null,\"ActionExpression\":null,\"ExpectedHitCounter\":null,\"ShouldContinueAfterAction\":false,\"IsEnabled\":false,\"ActivityIdRef\":\"ExtractData_4\",\"ActivityId\":\"1.36\",\"ActivityName\":\"Extract Structured Data 'TBODY'\"},{\"ConditionalExpression\":null,\"ActionExpression\":null,\"ExpectedHitCounter\":null,\"ShouldContinueAfterAction\":false,\"IsEnabled\":false,\"ActivityIdRef\":\"InvokeCode_1\",\"ActivityId\":\"1.20\",\"ActivityName\":\"Invoke code\"}]}}","ProjectWatches":"{\"Value\":[]}","OpenedDocuments":"[\"Sequence1.xaml\",\"Main.xaml\",\"BurkeFlow/Burke_PdfDownloading.xaml\"]"}