{"ProjectBreakpoints":"{\"Value\":{\"NCPublic/StartPdfProcessing.xaml\":[{\"ConditionalExpression\":null,\"ActionExpression\":null,\"ExpectedHitCounter\":null,\"ShouldContinueAfterAction\":false,\"IsEnabled\":false,\"ActivityIdRef\":\"Assign_9\",\"ActivityId\":\"1.33\",\"ActivityName\":\"Assign\"},{\"ConditionalExpression\":null,\"ActionExpression\":null,\"ExpectedHitCounter\":null,\"ShouldContinueAfterAction\":false,\"IsEnabled\":false,\"ActivityIdRef\":\"GetValue_1\",\"ActivityId\":\"1.39\",\"ActivityName\":\"Get FileName from Save As Dialog\"},{\"ConditionalExpression\":null,\"ActionExpression\":null,\"ExpectedHitCounter\":null,\"ShouldContinueAfterAction\":false,\"IsEnabled\":false,\"ActivityIdRef\":\"Click_5\",\"ActivityId\":\"1.15\",\"ActivityName\":\"Click 'Button'\"}]}}","ProjectWatches":"{\"Value\":[]}","OpenedDocuments":"[\"Main.xaml\"]"}