<?xml version="1.0" standalone="yes"?>
<NewDataSet>
  <DataTable>
    <Description>Sub Of Trustee &amp; Full Recon
4493963</Description>
    <DescriptionUrl>../eagleweb/viewDoc.jsp?node=DOC785S200</DescriptionUrl>
  </DataTable>
  <DataTable>
    <Description>Full Reconveyance
4493965</Description>
    <DescriptionUrl>../eagleweb/viewDoc.jsp?node=DOC785S202</DescriptionUrl>
  </DataTable>
  <DataTable>
    <Description>Substitution Of Trustee
4493964</Description>
    <DescriptionUrl>../eagleweb/viewDoc.jsp?node=DOC785S201</DescriptionUrl>
  </DataTable>
  <DataTable>
    <Description>Deed Of Trust
4493966</Description>
    <DescriptionUrl>../eagleweb/viewDoc.jsp?node=DOC785S203</DescriptionUrl>
  </DataTable>
  <DataTable>
    <Description>Full Reconveyance
4493968</Description>
    <DescriptionUrl>../eagleweb/viewDoc.jsp?node=DOC785S205</DescriptionUrl>
  </DataTable>
  <DataTable>
    <Description>Substitution Of Trustee
4493967</Description>
    <DescriptionUrl>../eagleweb/viewDoc.jsp?node=DOC785S204</DescriptionUrl>
  </DataTable>
  <DataTable>
    <Description>Full Reconveyance
4493970</Description>
    <DescriptionUrl>../eagleweb/viewDoc.jsp?node=DOC785S207</DescriptionUrl>
  </DataTable>
  <DataTable>
    <Description>Substitution Of Trustee
4493969</Description>
    <DescriptionUrl>../eagleweb/viewDoc.jsp?node=DOC785S206</DescriptionUrl>
  </DataTable>
  <DataTable>
    <Description>Full Reconveyance
4493972</Description>
    <DescriptionUrl>../eagleweb/viewDoc.jsp?node=DOC785S209</DescriptionUrl>
  </DataTable>
  <DataTable>
    <Description>Substitution Of Trustee
4493971</Description>
    <DescriptionUrl>../eagleweb/viewDoc.jsp?node=DOC785S208</DescriptionUrl>
  </DataTable>
  <DataTable>
    <Description>Substitution Of Trustee
4493973</Description>
    <DescriptionUrl>../eagleweb/viewDoc.jsp?node=DOC785S210</DescriptionUrl>
  </DataTable>
  <DataTable>
    <Description>Full Reconveyance
4493974</Description>
    <DescriptionUrl>../eagleweb/viewDoc.jsp?node=DOC785S211</DescriptionUrl>
  </DataTable>
  <DataTable>
    <Description>Substitution Of Trustee
4493975</Description>
    <DescriptionUrl>../eagleweb/viewDoc.jsp?node=DOC785S212</DescriptionUrl>
  </DataTable>
  <DataTable>
    <Description>Full Reconveyance
4493976</Description>
    <DescriptionUrl>../eagleweb/viewDoc.jsp?node=DOC785S213</DescriptionUrl>
  </DataTable>
  <DataTable>
    <Description>Sub Of Trustee &amp; Full Recon
4493977</Description>
    <DescriptionUrl>../eagleweb/viewDoc.jsp?node=DOC785S214</DescriptionUrl>
  </DataTable>
  <DataTable>
    <Description>Sub Of Trustee &amp; Full Recon
4493978</Description>
    <DescriptionUrl>../eagleweb/viewDoc.jsp?node=DOC785S215</DescriptionUrl>
  </DataTable>
  <DataTable>
    <Description>Sub Of Trustee &amp; Full Recon
4493979</Description>
    <DescriptionUrl>../eagleweb/viewDoc.jsp?node=DOC785S216</DescriptionUrl>
  </DataTable>
  <DataTable>
    <Description>Sub Of Trustee &amp; Full Recon
4493980</Description>
    <DescriptionUrl>../eagleweb/viewDoc.jsp?node=DOC785S217</DescriptionUrl>
  </DataTable>
  <DataTable>
    <Description>Sub Of Trustee &amp; Full Recon
4493981</Description>
    <DescriptionUrl>../eagleweb/viewDoc.jsp?node=DOC785S218</DescriptionUrl>
  </DataTable>
  <DataTable>
    <Description>Sub Of Trustee &amp; Full Recon
4493982</Description>
    <DescriptionUrl>../eagleweb/viewDoc.jsp?node=DOC785S219</DescriptionUrl>
  </DataTable>
  <DataTable>
    <Description>Sub Of Trustee &amp; Full Recon
4493983</Description>
    <DescriptionUrl>../eagleweb/viewDoc.jsp?node=DOC785S220</DescriptionUrl>
  </DataTable>
  <DataTable>
    <Description>Sub Of Trustee &amp; Full Recon
4493984</Description>
    <DescriptionUrl>../eagleweb/viewDoc.jsp?node=DOC785S221</DescriptionUrl>
  </DataTable>
  <DataTable>
    <Description>Substitution Of Trustee
4493985</Description>
    <DescriptionUrl>../eagleweb/viewDoc.jsp?node=DOC785S222</DescriptionUrl>
  </DataTable>
  <DataTable>
    <Description>Full Reconveyance
4493986</Description>
    <DescriptionUrl>../eagleweb/viewDoc.jsp?node=DOC785S223</DescriptionUrl>
  </DataTable>
  <DataTable>
    <Description>Deed Of Trust
4493987</Description>
    <DescriptionUrl>../eagleweb/viewDoc.jsp?node=DOC785S224</DescriptionUrl>
  </DataTable>
  <DataTable>
    <Description>Substitution Of Trustee
4493988</Description>
    <DescriptionUrl>../eagleweb/viewDoc.jsp?node=DOC785S225</DescriptionUrl>
  </DataTable>
  <DataTable>
    <Description>Full Reconveyance
4493989</Description>
    <DescriptionUrl>../eagleweb/viewDoc.jsp?node=DOC785S226</DescriptionUrl>
  </DataTable>
  <DataTable>
    <Description>Partial Reconveyance
4493990</Description>
    <DescriptionUrl>../eagleweb/viewDoc.jsp?node=DOC785S227</DescriptionUrl>
  </DataTable>
  <DataTable>
    <Description>Substitution Of Trustee
4493991</Description>
    <DescriptionUrl>../eagleweb/viewDoc.jsp?node=DOC785S228</DescriptionUrl>
  </DataTable>
  <DataTable>
    <Description>Full Reconveyance
4493992</Description>
    <DescriptionUrl>../eagleweb/viewDoc.jsp?node=DOC785S229</DescriptionUrl>
  </DataTable>
  <DataTable>
    <Description>Deed Of Trust
4493993</Description>
    <DescriptionUrl>../eagleweb/viewDoc.jsp?node=DOC785S230</DescriptionUrl>
  </DataTable>
  <DataTable>
    <Description>Deed Of Trust
4493994</Description>
    <DescriptionUrl>../eagleweb/viewDoc.jsp?node=DOC785S231</DescriptionUrl>
  </DataTable>
  <DataTable>
    <Description>Transfer on Death Deed
4493995</Description>
    <DescriptionUrl>../eagleweb/viewDoc.jsp?node=DOC785S232</DescriptionUrl>
  </DataTable>
  <DataTable>
    <Description>Affidavit of Marriage
4493996</Description>
    <DescriptionUrl>../eagleweb/viewDoc.jsp?node=DOC784S165</DescriptionUrl>
  </DataTable>
  <DataTable>
    <Description>Sub Of Trustee &amp; Full Recon
4493997</Description>
    <DescriptionUrl>../eagleweb/viewDoc.jsp?node=DOC785S233</DescriptionUrl>
  </DataTable>
  <DataTable>
    <Description>Easement
4493998</Description>
    <DescriptionUrl>../eagleweb/viewDoc.jsp?node=DOC785S234</DescriptionUrl>
  </DataTable>
  <DataTable>
    <Description>Deed Of Trust
4493999</Description>
    <DescriptionUrl>../eagleweb/viewDoc.jsp?node=DOC785S235</DescriptionUrl>
  </DataTable>
  <DataTable>
    <Description>Deed Of Trust
4494000</Description>
    <DescriptionUrl>../eagleweb/viewDoc.jsp?node=DOC785S236</DescriptionUrl>
  </DataTable>
  <DataTable>
    <Description>Affidavit of Marriage
4494001</Description>
    <DescriptionUrl>../eagleweb/viewDoc.jsp?node=DOC784S166</DescriptionUrl>
  </DataTable>
  <DataTable>
    <Description>Affidavit of Marriage
4494002</Description>
    <DescriptionUrl>../eagleweb/viewDoc.jsp?node=DOC784S167</DescriptionUrl>
  </DataTable>
  <DataTable>
    <Description>Deed Of Trust
4494003</Description>
    <DescriptionUrl>../eagleweb/viewDoc.jsp?node=DOC785S237</DescriptionUrl>
  </DataTable>
  <DataTable>
    <Description>Satisfaction Of Judgement
4494004</Description>
    <DescriptionUrl>../eagleweb/viewDoc.jsp?node=DOC784S168</DescriptionUrl>
  </DataTable>
  <DataTable>
    <Description>Satisfaction Of Lien
4494005</Description>
    <DescriptionUrl>../eagleweb/viewDoc.jsp?node=DOC784S169</DescriptionUrl>
  </DataTable>
  <DataTable>
    <Description>Satisfaction Of Lien
4494006</Description>
    <DescriptionUrl>../eagleweb/viewDoc.jsp?node=DOC784S170</DescriptionUrl>
  </DataTable>
  <DataTable>
    <Description>Sub Of Trustee &amp; Full Recon
4494009</Description>
    <DescriptionUrl>../eagleweb/viewDoc.jsp?node=DOC784S173</DescriptionUrl>
  </DataTable>
  <DataTable>
    <Description>Sub Of Trustee &amp; Full Recon
4494011</Description>
    <DescriptionUrl>../eagleweb/viewDoc.jsp?node=DOC784S175</DescriptionUrl>
  </DataTable>
  <DataTable>
    <Description>Sub Of Trustee &amp; Full Recon
4494012</Description>
    <DescriptionUrl>../eagleweb/viewDoc.jsp?node=DOC784S176</DescriptionUrl>
  </DataTable>
  <DataTable>
    <Description>Sub Of Trustee &amp; Full Recon
4494007</Description>
    <DescriptionUrl>../eagleweb/viewDoc.jsp?node=DOC784S171</DescriptionUrl>
  </DataTable>
  <DataTable>
    <Description>Sub Of Trustee &amp; Full Recon
4494010</Description>
    <DescriptionUrl>../eagleweb/viewDoc.jsp?node=DOC784S174</DescriptionUrl>
  </DataTable>
  <DataTable>
    <Description>Sub Of Trustee &amp; Full Recon
4494008</Description>
    <DescriptionUrl>../eagleweb/viewDoc.jsp?node=DOC784S172</DescriptionUrl>
  </DataTable>
  <DataTable>
    <Description>Deed Of Trust
4494013</Description>
    <DescriptionUrl>../eagleweb/viewDoc.jsp?node=DOC785S238</DescriptionUrl>
  </DataTable>
  <DataTable>
    <Description>Warranty Deed
4494014</Description>
    <DescriptionUrl>../eagleweb/viewDoc.jsp?node=DOC785S239</DescriptionUrl>
  </DataTable>
  <DataTable>
    <Description>Quit Claim Deed
4494015</Description>
    <DescriptionUrl>../eagleweb/viewDoc.jsp?node=DOC785S240</DescriptionUrl>
  </DataTable>
  <DataTable>
    <Description>Substitution Of Trustee
4494016</Description>
    <DescriptionUrl>../eagleweb/viewDoc.jsp?node=DOC785S241</DescriptionUrl>
  </DataTable>
  <DataTable>
    <Description>Full Reconveyance
4494017</Description>
    <DescriptionUrl>../eagleweb/viewDoc.jsp?node=DOC785S242</DescriptionUrl>
  </DataTable>
  <DataTable>
    <Description>Deed Of Trust
4494018</Description>
    <DescriptionUrl>../eagleweb/viewDoc.jsp?node=DOC785S243</DescriptionUrl>
  </DataTable>
  <DataTable>
    <Description>Deed Of Trust
4494019</Description>
    <DescriptionUrl>../eagleweb/viewDoc.jsp?node=DOC785S244</DescriptionUrl>
  </DataTable>
  <DataTable>
    <Description>Resolution
4494020</Description>
    <DescriptionUrl>../eagleweb/viewDoc.jsp?node=DOC784S177</DescriptionUrl>
  </DataTable>
  <DataTable>
    <Description>Resolution
4494021</Description>
    <DescriptionUrl>../eagleweb/viewDoc.jsp?node=DOC784S178</DescriptionUrl>
  </DataTable>
  <DataTable>
    <Description>Full Reconveyance
4494023</Description>
    <DescriptionUrl>../eagleweb/viewDoc.jsp?node=DOC784S180</DescriptionUrl>
  </DataTable>
  <DataTable>
    <Description>Appointment Of Successor Trustee
4494022</Description>
    <DescriptionUrl>../eagleweb/viewDoc.jsp?node=DOC784S179</DescriptionUrl>
  </DataTable>
  <DataTable>
    <Description>Full Reconveyance
4494027</Description>
    <DescriptionUrl>../eagleweb/viewDoc.jsp?node=DOC784S184</DescriptionUrl>
  </DataTable>
  <DataTable>
    <Description>Full Reconveyance
4494025</Description>
    <DescriptionUrl>../eagleweb/viewDoc.jsp?node=DOC784S182</DescriptionUrl>
  </DataTable>
  <DataTable>
    <Description>Full Reconveyance
4494029</Description>
    <DescriptionUrl>../eagleweb/viewDoc.jsp?node=DOC784S186</DescriptionUrl>
  </DataTable>
  <DataTable>
    <Description>Appointment Of Successor Trustee
4494024</Description>
    <DescriptionUrl>../eagleweb/viewDoc.jsp?node=DOC784S181</DescriptionUrl>
  </DataTable>
  <DataTable>
    <Description>Appointment Of Successor Trustee
4494026</Description>
    <DescriptionUrl>../eagleweb/viewDoc.jsp?node=DOC784S183</DescriptionUrl>
  </DataTable>
  <DataTable>
    <Description>Appointment Of Successor Trustee
4494028</Description>
    <DescriptionUrl>../eagleweb/viewDoc.jsp?node=DOC784S185</DescriptionUrl>
  </DataTable>
  <DataTable>
    <Description>Satisfaction Of Lien
4494030</Description>
    <DescriptionUrl>../eagleweb/viewDoc.jsp?node=DOC784S187</DescriptionUrl>
  </DataTable>
  <DataTable>
    <Description>Ucc2
4494031</Description>
    <DescriptionUrl>../eagleweb/viewDoc.jsp?node=DOC784S188</DescriptionUrl>
  </DataTable>
  <DataTable>
    <Description>Full Reconveyance
4494032</Description>
    <DescriptionUrl>../eagleweb/viewDoc.jsp?node=DOC784S189</DescriptionUrl>
  </DataTable>
  <DataTable>
    <Description>Full Reconveyance
4494034</Description>
    <DescriptionUrl>../eagleweb/viewDoc.jsp?node=DOC784S191</DescriptionUrl>
  </DataTable>
  <DataTable>
    <Description>Appointment Of Successor Trustee
4494033</Description>
    <DescriptionUrl>../eagleweb/viewDoc.jsp?node=DOC784S190</DescriptionUrl>
  </DataTable>
  <DataTable>
    <Description>Deed Of Trust
4494035</Description>
    <DescriptionUrl>../eagleweb/viewDoc.jsp?node=DOC785S245</DescriptionUrl>
  </DataTable>
  <DataTable>
    <Description>Deed Of Trust
4494036</Description>
    <DescriptionUrl>../eagleweb/viewDoc.jsp?node=DOC785S246</DescriptionUrl>
  </DataTable>
  <DataTable>
    <Description>Warranty Deed
4494037</Description>
    <DescriptionUrl>../eagleweb/viewDoc.jsp?node=DOC785S247</DescriptionUrl>
  </DataTable>
  <DataTable>
    <Description>Warranty Deed
4494038</Description>
    <DescriptionUrl>../eagleweb/viewDoc.jsp?node=DOC785S248</DescriptionUrl>
  </DataTable>
  <DataTable>
    <Description>Deed Of Trust
4494039</Description>
    <DescriptionUrl>../eagleweb/viewDoc.jsp?node=DOC785S249</DescriptionUrl>
  </DataTable>
  <DataTable>
    <Description>Deed Of Trust
4494040</Description>
    <DescriptionUrl>../eagleweb/viewDoc.jsp?node=DOC785S250</DescriptionUrl>
  </DataTable>
  <DataTable>
    <Description>Deed Of Trust
4494041</Description>
    <DescriptionUrl>../eagleweb/viewDoc.jsp?node=DOC785S251</DescriptionUrl>
  </DataTable>
  <DataTable>
    <Description>Full Reconveyance
4494042</Description>
    <DescriptionUrl>../eagleweb/viewDoc.jsp?node=DOC785S252</DescriptionUrl>
  </DataTable>
  <DataTable>
    <Description>Sub Of Trustee &amp; Full Recon
4494043</Description>
    <DescriptionUrl>../eagleweb/viewDoc.jsp?node=DOC785S253</DescriptionUrl>
  </DataTable>
  <DataTable>
    <Description>Sub Of Trustee &amp; Full Recon
4494044</Description>
    <DescriptionUrl>../eagleweb/viewDoc.jsp?node=DOC785S254</DescriptionUrl>
  </DataTable>
  <DataTable>
    <Description>Full Reconveyance
4494045</Description>
    <DescriptionUrl>../eagleweb/viewDoc.jsp?node=DOC785S255</DescriptionUrl>
  </DataTable>
  <DataTable>
    <Description>Affidavit of Marriage
4494046</Description>
    <DescriptionUrl>../eagleweb/viewDoc.jsp?node=DOC784S193</DescriptionUrl>
  </DataTable>
  <DataTable>
    <Description>Survey
4494047</Description>
    <DescriptionUrl>../eagleweb/viewDoc.jsp?node=DOC784S194</DescriptionUrl>
  </DataTable>
  <DataTable>
    <Description>Deed Of Trust
4494048</Description>
    <DescriptionUrl>../eagleweb/viewDoc.jsp?node=DOC785S256</DescriptionUrl>
  </DataTable>
  <DataTable>
    <Description>Affidavit of Marriage
4494049</Description>
    <DescriptionUrl>../eagleweb/viewDoc.jsp?node=DOC784S195</DescriptionUrl>
  </DataTable>
  <DataTable>
    <Description>Full Reconveyance
4494050</Description>
    <DescriptionUrl>../eagleweb/viewDoc.jsp?node=DOC785S257</DescriptionUrl>
  </DataTable>
  <DataTable>
    <Description>Warranty Deed
4494051</Description>
    <DescriptionUrl>../eagleweb/viewDoc.jsp?node=DOC785S258</DescriptionUrl>
  </DataTable>
  <DataTable>
    <Description>Deed Of Trust
4494052</Description>
    <DescriptionUrl>../eagleweb/viewDoc.jsp?node=DOC785S259</DescriptionUrl>
  </DataTable>
  <DataTable>
    <Description>Warranty Deed
4494053</Description>
    <DescriptionUrl>../eagleweb/viewDoc.jsp?node=DOC785S260</DescriptionUrl>
  </DataTable>
  <DataTable>
    <Description>Deed Of Trust
4494054</Description>
    <DescriptionUrl>../eagleweb/viewDoc.jsp?node=DOC785S261</DescriptionUrl>
  </DataTable>
  <DataTable>
    <Description>Substitution Of Trustee
4494055</Description>
    <DescriptionUrl>../eagleweb/viewDoc.jsp?node=DOC785S262</DescriptionUrl>
  </DataTable>
  <DataTable>
    <Description>Full Reconveyance
4494056</Description>
    <DescriptionUrl>../eagleweb/viewDoc.jsp?node=DOC785S263</DescriptionUrl>
  </DataTable>
  <DataTable>
    <Description>Warranty Deed
4494057</Description>
    <DescriptionUrl>../eagleweb/viewDoc.jsp?node=DOC785S264</DescriptionUrl>
  </DataTable>
  <DataTable>
    <Description>Deed Of Trust
4494058</Description>
    <DescriptionUrl>../eagleweb/viewDoc.jsp?node=DOC785S265</DescriptionUrl>
  </DataTable>
  <DataTable>
    <Description>Warranty Deed
4494059</Description>
    <DescriptionUrl>../eagleweb/viewDoc.jsp?node=DOC785S266</DescriptionUrl>
  </DataTable>
  <DataTable>
    <Description>Deed Of Trust
4494060</Description>
    <DescriptionUrl>../eagleweb/viewDoc.jsp?node=DOC785S267</DescriptionUrl>
  </DataTable>
  <DataTable>
    <Description>Warranty Deed
4494061</Description>
    <DescriptionUrl>../eagleweb/viewDoc.jsp?node=DOC785S268</DescriptionUrl>
  </DataTable>
  <DataTable>
    <Description>Deed Of Trust
4494062</Description>
    <DescriptionUrl>../eagleweb/viewDoc.jsp?node=DOC785S269</DescriptionUrl>
  </DataTable>
  <DataTable>
    <Description>Deed Of Trust
4494063</Description>
    <DescriptionUrl>../eagleweb/viewDoc.jsp?node=DOC785S270</DescriptionUrl>
  </DataTable>
  <DataTable>
    <Description>Deed Of Trust
4494064</Description>
    <DescriptionUrl>../eagleweb/viewDoc.jsp?node=DOC785S271</DescriptionUrl>
  </DataTable>
  <DataTable>
    <Description>Oath Of Office
4494065</Description>
    <DescriptionUrl>../eagleweb/viewDoc.jsp?node=DOC784S196</DescriptionUrl>
  </DataTable>
  <DataTable>
    <Description>Deed Of Trust
4494066</Description>
    <DescriptionUrl>../eagleweb/viewDoc.jsp?node=DOC785S272</DescriptionUrl>
  </DataTable>
  <DataTable>
    <Description>Deed Of Trust
4494067</Description>
    <DescriptionUrl>../eagleweb/viewDoc.jsp?node=DOC785S273</DescriptionUrl>
  </DataTable>
  <DataTable>
    <Description>Affidavit
4494068</Description>
    <DescriptionUrl>../eagleweb/viewDoc.jsp?node=DOC784S197</DescriptionUrl>
  </DataTable>
  <DataTable>
    <Description>Deed Of Trust
4494069</Description>
    <DescriptionUrl>../eagleweb/viewDoc.jsp?node=DOC785S274</DescriptionUrl>
  </DataTable>
</NewDataSet>