<document id="08ff9159-3a25-445c-adbf-dba3611aa9ff">
<metadata>
<content-title>Capacity Benefit Margin</content-title>
<content-number/>
<issue-date>2016-01-14T00:00:00</issue-date>
<issuing-body id="33566C5F-CEAA-4ED4-8A61-B054B435BC8E">North American Electric Reliability Corporation</issuing-body>
<compliance-date/>
<country-of-issue id="C1B5F8C4-474A-4691-9D47-999DD90894EC">United States of America</country-of-issue>
<translation-type>English</translation-type>
<translation-source/>
<requested-url/>
<requested-urlname/>
<document-type>North American Electric Reliability Corporation - Capacity Benefit Margin</document-type>
<url-link>https://www.nerc.com/_layouts/PrintStandard.aspx?standardnumber=MOD-004-1&#38;title=Capacity%20Benefit%20Margin</url-link>
<CubeBookId/>
<Citation>MOD-004-1</Citation>
<IssuanceType>Rulebook</IssuanceType>
<IssueDateStatus>Date Found</IssueDateStatus>
<ComplianceDateStatus>No Date Found</ComplianceDateStatus>
<BookLoadType>New</BookLoadType>
<version/>
<Language>EN</Language>
</metadata>
<body>
<level rule="737A0E72-CD13-4824-B12D-BF92EEE7AAA4" id="0C6C8C02-1472-44EE-977A-9CD0D588EC3A" num="1">
<title>Standard MOD-004-1 &#x2014; Capacity Benefit Margin</title>
<level rule="4AE47EFA-7F65-4AF6-9474-E49872E64DFC" id="74A6CF92-0A2D-4A1B-AF21-06930C652A03" num="2">
<title>A.	Introduction</title>
<html>
<p id="D6D3D5A8-785A-421A-B88B-F3D83E2A7D7D">1.	Title:	Capacity Benefit Margin</p>
<p id="5A60D232-314B-4479-AB76-1954A5F482DC">2.	Number:	MOD-004-1</p>
<p id="1114F322-FFB4-4FEC-8175-1773773DED37">3.	Purpose:	To promote the consistent and reliable calculation, verification, preservation, and use of Capacity Benefit Margin (CBM) to support analysis and system operations.</p>
<p id="D2220763-F884-40AF-91D4-94AB1A0B7455">4.	Applicability:</p>
<p id="A44D5515-9FB6-43E4-89AE-9B9687FC8C57">4.1	Load-Serving Entities.</p>
<p id="28F58FD1-0FC9-4D61-B1BD-0F22B13D6092">4.2	Resource Planners.</p>
<p id="155F43A8-1931-4949-AC47-C29C31448C6B">4.3	Transmission Service Providers.</p>
<p id="A721E362-0D34-4B8D-BFD5-CCCA45341E38">4.4	Balancing Authorities.</p>
<p id="B1B61F3C-5E53-4903-AD48-57A3CF82C050">4.5	Transmission Planners, when their associated Transmission Service Provider has elected to maintain CBM.</p>
<p id="DE427AA5-7A70-493E-A5FE-C0B40BF90CAF">5.	Effective Date:	First day of the first calendar quarter that is twelve months beyond the date that this standard is approved by applicable regulatory authorities, or in those jurisdictions where regulatory approval is not required, the standard becomes effective on the first day of the first calendar quarter that is twelve months beyond the date this standard is approved by the NERC Board of Trustees.</p>
</html>
</level>
<level rule="67F119AA-E9CE-4F44-BEA4-6BA8A09BDFD4" id="67D0D17F-85FD-4A2B-9165-2BA83E3F625C" num="2">
<title>B.	Requirements</title>
<html>
<p id="7640B7F4-4961-4759-AAF6-4A637B988749">R1. The Transmission Service Provider that maintains CBM shall prepare and keep current a &#x201C;Capacity Benefit Margin Implementation Document&#x201D; (CBMID) that includes, at a minimum, the following information: [Violation Risk Factor: Medium] [Time Horizon: Operations Planning, Long-term Planning]</p>
<p id="0F11723E-902E-4C52-BAE7-837C97511093">R1.1.	The process through which a Load-Serving Entity within a Balancing Authority Area associated with the Transmission Service Provider, or the Resource Planner associated with that Balancing Authority Area, may ensure that its need for Transmission capacity to be set aside as CBM will be reviewed and accommodated by the Transmission Service Provider to the extent Transmission capacity is available.</p>
<p id="31B3B06F-458F-4A90-8940-0AD8A9DD2F27">R1.2.	The procedure and assumptions for establishing CBM for each Available Transfer Capability (ATC) Path or Flowgate.</p>
<p id="D041AE2E-0128-4D35-8ED1-D0E5EA96DC13">R1.3.	The procedure for a Load-Serving Entity or Balancing Authority to use Transmission capacity set aside as CBM, including the manner in which the Transmission Service Provider will manage situations where the requested use of CBM exceeds the amount of CBM available.</p>
<p id="E2446834-36E8-4522-B8D4-ED6CB69A4D4B">R2. The Transmission Service Provider that maintains CBM shall make available its current CBMID to the Transmission Operators, Transmission Service Providers, Reliability Coordinators, Transmission Planners, Resource Planners, and Planning Coordinators that are within or adjacent to the Transmission Service Provider&#x2019;s area, and to the Load Serving Entities and Balancing Authorities within the Transmission Service Provider&#x2019;s area, and notify those entities of any changes to the CBMID prior to the effective date of the change. [Violation Risk Factor: Medium] [Time Horizon: Operations Planning]</p>
<p id="65BBD766-A220-421F-A834-6893C48261F2">R3. Each Load-Serving Entity determining the need for Transmission capacity to be set aside as CBM for imports into a Balancing Authority Area shall determine that need by: [Violation Risk Factor: Medium] [Time Horizon: Operations Planning]</p>
<p id="B1A12857-3FCB-4982-86F4-5A44891DF577">R3.1.	Using one or more of the following to determine the GCIR:</p>
<p id="87D098D7-2E23-4C16-B3A6-9EB62CDBB962">&#xF0A7;	Loss of Load Expectation (LOLE) studies</p>
<p id="15F2AF87-F33E-4B79-824A-90B37F6BC744">&#xF0A7;	Loss of Load Probability (LOLP) studies</p>
<p id="A107DA0D-AFDC-4769-92A4-E106C45040CF">&#xF0A7;	Deterministic risk-analysis studies</p>
<p id="D6A724A5-CCC7-4D08-A23E-E5F800FE7B02">&#xF0A7;	Reserve margin or resource adequacy requirements established by other entities, such as municipalities, state commissions, regional transmission organizations, independent system operators, Regional Reliability Organizations, or regional entities</p>
<p id="C6A60626-61F2-4275-8BAE-48CDF733FF1A">R3.2.	Identifying expected import path(s) or source region(s).</p>
<p id="920F78DD-DDCE-460A-AE23-807E8C00A2BF">R4. Each Resource Planner determining the need for Transmission capacity to be set aside as CBM for imports into a Balancing Authority Area shall determine that need by: [Violation Risk Factor: Medium] [Time Horizon: Operations Planning]</p>
<p id="3463BED7-DC26-4DE1-97AA-3917C42FEEEF">R4.1.	Using one or more of the following to determine the GCIR:</p>
<p id="31E78EAD-2864-4C44-92A5-9227D411FA1E">&#xF0A7;	Loss of Load Expectation (LOLE) studies</p>
<p id="EAA018B3-22A1-4B33-BD0F-465A2360217E">&#xF0A7;	Loss of Load Probability (LOLP) studies</p>
<p id="240B0040-85F0-47D4-8388-0268A8CE342F">&#xF0A7;	Deterministic risk-analysis studies</p>
<p id="2632BD10-95FD-4BAB-B267-AF0350D752C5">&#xF0A7;	Reserve margin or resource adequacy requirements established by other entities, such as municipalities, state commissions, regional transmission organizations, independent system operators, Regional Reliability Organizations, or regional entities</p>
<p id="EEC8011A-7046-4768-8E2C-21B36F4B8D32">R4.2.	Identifying expected import path(s) or source region(s).</p>
<p id="CC17387A-A6E0-40C3-BFD4-42F82F34E188">R5. At least every 13 months, the Transmission Service Provider that maintains CBM shall establish a CBM value for each ATC Path or Flowgate to be used for ATC or Available Flowgate Capability (AFC) calculations during the 13 full calendar months (months 2-14)	following the current month (the month in which the Transmission Service Provider is establishing the CBM values). This value shall: [Violation Risk Factor: Medium] [Time Horizon: Operations Planning]</p>
<p id="C787B57F-D3FE-46B9-96F0-3C356E75FAA9">R5.1.	Reflect consideration of each of the following if available:</p>
<p id="C7E87D85-CF14-48B9-9F53-18D59F021033">&#xF0A7;	Any studies (as described in R3.1) performed by Load-Serving Entities for loads within the Transmission Service Provider&#x2019;s area</p>
<p id="31AB081D-7934-41CF-8417-22FE7F8E5910">&#xF0A7;	Any studies (as described in R4.1) performed by Resource Planners for loads within the Transmission Service Provider&#x2019;s area</p>
<p id="A61FCF5D-9DA8-4A9F-8732-FEE11013AA8C">&#xF0A7;	Any reserve margin or resource adequacy requirements for loads within the Transmission Service Provider&#x2019;s area established by other entities, such as municipalities, state commissions, regional transmission organizations, independent system operators, Regional Reliability Organizations, or regional entities</p>
<p id="0A50CFCA-24A7-4EFE-92FB-19244D6FC3C5">R5.2.	Be allocated as follows:</p>
<p id="C09D1E13-F355-4396-9AB1-F0FB55C2D82C">&#xF0A7;	For ATC Paths, based on the expected import paths or source regions provided by Load-Serving Entities or Resource Planners</p>
<p id="A6037598-2070-4983-A02B-A1961791C48D">&#xF0A7;	For Flowgates, based on the expected import paths or source regions provided by Load-Serving Entities or Resource Planners and the distribution factors associated with those paths or regions, as determined by the Transmission Service Provider</p>
<p id="592A4DC5-3965-4297-91BA-D9BE7B6FBBB1">R6. At least every 13 months, the Transmission Planner shall establish a CBM value for each ATC Path or Flowgate to be used in planning during each of the full calendar years two through ten following the current year (the year in which the Transmission Planner is establishing the CBM values). This value shall:  [Violation Risk Factor: Medium] [Time Horizon: Long-term Planning]</p>
<p id="C7781DBA-9692-43FC-AB0A-FFD9B4D037B6">R6.1.	Reflect consideration of each of the following if available:</p>
<p id="88AC2BAD-3D2F-44EE-A851-943E49411AB5">&#xF0A7;	Any studies (as described in R3.1) performed by Load-Serving Entities for loads within the Transmission Planner&#x2019;s area</p>
<p id="36E5D2B2-8B02-428D-A83A-5565306BE949">&#xF0A7;	Any studies (as described in R4.1) performed by Resource Planners for loads within the Transmission Planner&#x2019;s area</p>
<p id="A8E67337-559D-422A-8D77-34D433E43F16">&#xF0A7;	Any reserve margin or resource adequacy requirements for loads within the Transmission Planner&#x2019;s area established by other entities, such as municipalities, state commissions, regional transmission organizations, independent system operators, Regional Reliability Organizations, or regional entities</p>
<p id="F1A1A03A-4C68-4574-9910-16C40C4DD56B">R6.2.	Be allocated as follows:</p>
<p id="F7E0B762-274E-4233-9FB8-7E9C768FDE8D">&#xF0A7;	For ATC Paths, based on the expected import paths or source regions provided by Load-Serving Entities or Resource Planners</p>
<p id="92EE5628-15DE-48C0-B261-2778380DB9FA">&#xF0A7;	For Flowgates, based on the expected import paths or source regions provided by Load-Serving Entities or Resource Planners and the distribution factors associated with those paths or regions, as determined by the Transmission Planner.</p>
<p id="F3831DE1-861F-4E1E-9998-2B1AAE070F3B">R7. Less than 31 calendar days after the establishment of CBM, the Transmission Service Provider that maintains CBM shall notify all the Load-Serving Entities and Resource Planners that determined they had a need for CBM on the Transmission Service Provider&#x2019;s system of the amount of CBM set aside. [Violation Risk Factor: Medium] [Time Horizon: Operations Planning]</p>
<p id="E57A254A-98D6-4599-88BE-05BD14AE1060">R8. Less than 31 calendar days after the establishment of CBM, the Transmission Planner shall notify all the Load-Serving Entities and Resource Planners that determined they had a need for CBM on the system being planned by the Transmission Planner of the amount of CBM set aside. [Violation Risk Factor: Medium] [Time Horizon: Operations Planning]</p>
<p id="B5C47B0F-787C-4741-86DE-5A80747A3B8B">R9. The Transmission Service Provider that maintains CBM and the Transmission Planner shall each provide (subject to confidentiality and security requirements) copies of the applicable supporting data, including any models, used for determining CBM or allocating CBM over each ATC Path or Flowgate to the following: [Violation Risk Factor: Lower] [Time Horizon: Operations Planning, Long-term Planning]</p>
<p id="49280B73-8F20-4889-A3EF-7F87625A898D">R9.1.	Each of its associated Transmission Operators within 30 calendar days of their making a request for the data.</p>
<p id="20A0AC25-1A3F-442F-909C-68F03169A235">R9.2.	To any Transmission Service Provider, Reliability Coordinator, Transmission Planner, Resource Planner, or Planning Coordinator within 30 calendar days of their making a request for the data.</p>
<p id="8C613937-EA28-4516-9EE7-8E829F20CF5F">R10. The Load-Serving Entity or Balancing Authority shall request to import energy over firm Transfer Capability set aside as CBM only when experiencing a declared NERC Energy Emergency Alert (EEA) 2 or higher. [Violation Risk Factor: Lower] [Time Horizon: Same-day Operations]</p>
<p id="18E02C49-7391-4498-A013-B359F43835A1">R11. When reviewing an Arranged Interchange using CBM, all Balancing Authorities and Transmission Service Providers shall waive, within the bounds of reliable operation, any Real-time timing and ramping requirements. [Violation Risk Factor: Medium] [Time Horizon: Same-day Operations]</p>
<p id="03A530C7-03A9-498C-80DB-16A33BE054E8">R12. The Transmission Service Provider that maintains CBM shall approve, within the bounds of reliable operation, any Arranged Interchange using CBM that is submitted by an &#x201C;energy deficient entity1&#x201D; under an EEA 2 if: [Violation Risk Factor: Medium] [Time Horizon: Same-day Operations]</p>
<p id="CC6AD3FF-F01D-42CA-B184-532B439D55EA">R12.1. The CBM is available</p>
<p id="E2E60B57-D1F4-41DF-84F2-8678D39520EF">R12.2. The EEA 2 is declared within the Balancing Authority Area of the &#x201C;energy deficient entity,&#x201D; and</p>
<p id="60075DC4-09AB-433D-9AFC-C4E6754DD041">R12.3. The Load of the &#x201C;energy deficient entity&#x201D; is located within the Transmission Service Provider&#x2019;s area.</p>
</html>
</level>
<level rule="ABD9DD26-2BDE-4D50-B5E8-BB55CAF2CE61" id="F71866F6-E2B4-4E05-9ED1-D0CFE8D84696" num="2">
<title>C.	Measures</title>
<html>
<p id="3E0345DF-AA58-4D3F-9A47-C2C950F260A3">M1.	Each Transmission Service Provider that maintains CBM shall produce its CBMID evidencing inclusion of all information specified in R1. (R1)</p>
<p id="06D0861A-8BAD-4E20-919D-74D9604DFADB">M2.	Each Transmission Service Provider that maintains CBM shall have evidence (such as dated logs and data, copies of dated electronic messages, or other equivalent evidence) to show that it made the current CBMID available to the Transmission Operators, Transmission Service Providers, Reliability Coordinators, Transmission Planners, and Planning Coordinators specified in R2, and that prior to any change to the CBMID, it notified those entities of the change. (R2)</p>
<p id="A5B902F4-8CD4-4E92-8410-475A0978A70D">M3.	Each Load-Serving Entity that determined a need for Transmission capacity to be set aside as CBM shall provide evidence (including studies and/or requirements) that it met the criteria in R3. (R3)</p>
<p id="73D9F9BB-BB66-4DF5-ADC9-03D32D8701CB">M4.	Each Resource Planner that determined a need for Transmission capacity to be set aside as CBM shall provide evidence (including studies and/or requirements) that it met the criteria in R4. (R4)</p>
<p id="0CA0D724-454A-4D28-90D5-D89C31EF5C1C">M5.	Each Transmission Service Provider that maintains CBM shall provide evidence (such as studies, requirements, and dated CBM values) that it established 13 months of CBM values consistent with the requirements in R5.1 and allocated the values consistent with the requirements in R5.2. (Note that CBM values may legitimately be zero.) (R5)</p>
<p id="A2B6F0E9-66C6-4F96-85D4-B83213933223">M6.	Each Transmission Planner with an associated Transmission Service Provider that maintains CBM shall provide evidence (such as studies, requirements, and dated CBM values) that it established CBM values for years two through ten consistent with the requirements in R6.1 and allocated the values consistent with the requirements in R6.2. Inclusion of GCIR based on R6.1 and R6.2 within the transmission base case meets this requirement. (Note that CBM values may legitimately be zero.) (R6)</p>
<p id="BFA580AD-B44B-4716-AFF7-88E8F72B27CF">M7.	Each Transmission Service Provider that maintains CBM shall provide evidence (such as dated e-mail, data, or other records) that it notified the entities described in R7 of the amount of CBM set aside. (R7)</p>
<p id="FDDA29C2-0D1C-4371-AA56-D8AFC12C7154">M8.	Each Transmission Planner with an associated Transmission Service Provider that maintains CBM shall provide evidence (such as e-mail, data, or other records) that it notified the entities described in R8 of the amount of CBM set aside. (R8)</p>
<p id="5A122DEA-EB6C-4F0A-8AA1-C599BE77C50A">M9.	Each Transmission Service Provider that maintains CBM and each Transmission Planner shall provide evidence including copies of dated requests for data supporting the calculation of CBM along with other evidences such as copies of electronic messages or other evidence to show that it provided the required entities with copies of the supporting data, including any models, used for allocating CBM as specified in R9. (R9)</p>
<p id="C05CAEDE-5F5B-49CE-928A-CB1892F08F15">M10.	Each Load-Serving Entity and Balancing Authority shall provide evidence (such as logs, copies of tag data, or other data from its Reliability Coordinator) that at the time it requested to import energy using firm Transfer Capability set aside as CBM, it was in an EEA 2 or higher. (R10)</p>
<p id="32E78EAD-D8F9-4B8A-967C-31A94828617E">M11.	Each Balancing Authority and Transmission Service Provider shall provide evidence (such as operating logs and tag data) that it waived Real-time timing and ramping requirements when approving an Arranged Interchange using CBM (R11)</p>
<p id="C3B4A278-E2DB-4E5E-A4B2-16F4FFCAC4C9">M12.	Each Transmission Service Provider that maintains CBM shall provide evidence including copies of CBM values along with other evidence (such as tags, reports, and supporting data) to show that it approved any Arranged Interchange meeting the criteria in R12. (R12)</p>
</html>
</level>
<level rule="FCD917D0-7025-4445-AA4C-30A7FD2966DC" id="E1A6AA14-A2B4-483B-9D39-E521551DF6A1" num="2">
<title>D.	Compliance</title>
<level rule="1936747D-6F5F-4A26-9088-B7F48436BA85" id="AD6FB17E-8401-47A5-82F0-F6FEC94B9AE1" num="3">
<title>1.	Compliance Monitoring Process</title>
<level rule="EFAF0DB7-9046-4406-AC06-222629B09C4B" id="9F02D1B9-8A1D-4A57-BECC-5A6D22A4936A" num="4">
<title>1.1. Compliance Enforcement Authority (CEA)</title>
<html>
<p id="E8043F77-54FA-448C-B585-1AD5261A0838">Regional Entity.</p>
</html>
</level>
<level rule="B2363C55-5B28-4B9E-9BD8-8822F67CB639" id="9401B479-F550-44F2-98B2-21F4B70C4744" num="4">
<title>1.2.	Compliance Monitoring Period and Reset Time Frame</title>
<html>
<p id="1C843BB8-3A1B-43C4-8C70-F5D11AD60EFC">Not applicable.</p>
</html>
</level>
<level rule="1027699B-E26F-4559-AE3A-3BD0438DAD45" id="165E1F4E-100A-4C55-9E47-F1335D89EC0E" num="4">
<title>1.3.	Data Retention</title>
<html>
<p id="1F43FD78-9E8B-4BF0-8C3D-638CA40E4408">-	The Transmission Service Provider that maintains CBM shall maintain its current, in force CBMID and any prior versions of the CBMID that were in force during the past three calendar years plus the current year to show compliance with R1.</p>
<p id="B1971081-433C-4666-B449-D467060A80BA">-	The Transmission Service Provider that maintains CBM shall maintain evidence to show compliance with R2, R5, R7, R9, and R12 for the most recent three calendar years plus the current year.</p>
<p id="8DDACC0E-A872-4EE4-8569-65EF5D4F9FDA">-	The Load-Serving Entity shall each maintain evidence to show compliance with R3 and R10 for the most recent three calendar years plus the current year.</p>
<p id="6C75E759-941B-4FE0-A01B-99D3E95716E0">-	The Resource Planner shall each maintain evidence to show compliance with R4 for the most recent three calendar years plus the current year.</p>
<p id="9F31107E-1354-4650-BF1F-558EE1E872EF">-	The Transmission Planner shall maintain evidence to show compliance with R6, R8, and R9 for the most recent three calendar years plus the current year.</p>
<p id="C3C351CF-5E83-48C5-80A6-F24D35771C6E">-	The Balancing Authority shall maintain evidence to show compliance with R10 and R11 for the most recent three calendar years plus the current year.</p>
<p id="45A5EA85-B2D1-4A2D-B583-490CCBDA3EE6">-	The Transmission Service Provider shall maintain evidence to show compliance with R11 for the most recent three calendar years plus the current year.</p>
<p id="E9A8E639-CA41-4E53-AD3B-ED6C6F9520C7">-	If an entity is found non-compliant, it shall keep information related to the non-compliance until found compliant.</p>
<p id="66C4AECE-A25A-4882-BFA7-BAC8A22B184B">-	The Compliance Enforcement Authority shall keep the last audit records and all requested and subsequently submitted audit records.</p>
</html>
</level>
<level rule="3D3FD4EE-86EF-4FED-976D-BD2AFD217190" id="F26B3056-0431-46F1-88A2-729D2C2812D2" num="4">
<title>1.4	Compliance Monitoring and Enforcement Processes:</title>
<html>
<p id="AFD7D7C7-6082-4F81-A092-3979E67B571C">The following processes may be used:</p>
<p id="4DE165B9-6DDB-4CF2-99A9-FD9608A58B2F">-	Compliance Audits</p>
<p id="7F0D519E-8490-470E-82BA-318CA2BAB7C2">-	Self-Certifications</p>
<p id="5514F612-5741-46B3-8B3B-56DF19BF3262">-	Spot Checking</p>
<p id="F269EFE5-704C-4D2E-9EE3-2527FD9AEFC2">-	Compliance Violation Investigations</p>
<p id="FB0D6A46-F2F1-48DF-8BBE-30841E9F43B1">-	Self-Reporting</p>
<p id="B9678E61-8CE9-4F50-959C-E57523BA739F">-	Complaints</p>
</html>
</level>
<level rule="4DFE0E32-FAA2-45B7-856D-1215105ADA98" id="65A02DD6-C0CD-4FF3-9250-EC418878D3ED" num="4">
<title>1.5.	Additional Compliance Information</title>
<html>
<p id="101A0F74-1219-4AFC-89D3-12AE771AEA5A">None.</p>
</html>
</level>
</level>
<level rule="4FF81252-FDCC-4276-8F44-ADC42AEB8543" id="8A2879FF-E925-4175-8030-6E33BC4B5669" num="3">
<title>Violation Severity Levels</title>
<html>
<table>
<tr>
<td><p id="3B325521-10ED-40B9-9B99-B79E6DB28D04">R #</p></td>
<td><p id="987A83A0-BD1A-474D-B22A-2F11BEE682E1">Lower VSL</p></td>
<td><p id="43DA52C6-047D-47C0-B230-F748391F73D1">Moderate VSL</p></td>
<td><p id="5A162D44-6EFD-4815-A324-56CF5E8AE9A3">High VSL</p></td>
<td><p id="8044DD56-64F8-4230-8BDE-3D20C37D802F">Severe VSL</p></td>
</tr>
<tr>
<td><p id="D8408DE7-52C2-453C-B4C3-FF7A9081BF01">R1.</p></td>
<td><p id="C0B5C871-308B-4400-B716-A643132947D1">The Transmission Service Provider that maintains CBM has a CBMID that does not incorporate changes that have been made within the last three months.</p></td>
<td><p id="79B84845-AE97-4B18-BD84-05CE7C02E3E5">The Transmission Service Provider that maintains CBM has a CBMID that does not incorporate changes that have been made more than three, but not more than six, months ago.</p>
<p id="B129B358-2CC6-4CEB-B6CA-3B3757B96212">OR</p>
<p id="7019C889-4034-4C69-ABA4-AB738ACC99BE">The CBM maintaining Transmission Service Provider&#8217;s CBMID does not address one of the sub requirements.</p></td>
<td><p id="2CF356D8-8D11-43C9-806B-6EA9A71991F0">The Transmission Service Provider that maintains CBM has a CBMID that does not incorporate changes that have been made more than six, but not more than twelve, months ago.</p>
<p id="EF077CCE-8E7F-41F8-A821-37026800F71C">OR</p>
<p id="184E08F7-0297-4469-9EF0-B8988DC65102">The CBM maintaining Transmission Service Provider&#8217;s CBMID does not address two of the sub requirements.</p></td>
<td><p id="008D3C1F-8F3B-4494-B408-09010F88B473">The Transmission Service Provider that maintains CBM has a CBMID that does not incorporate changes that have been made more than twelve months ago.</p>
<p id="98C72E89-58FD-4869-BA39-8D00AE52388E">OR</p>
<p id="1683451C-E10A-44A6-95A9-E186AF1F738D">The Transmission Service Provider that maintains CBM does not have a CBMID;</p>
<p id="CBBAB005-AD2A-48B4-8B34-D576D2D93C06">OR</p>
<p id="6EE02B51-5A49-408E-A016-F19DA50A4D04">The CBM maintaining Transmission Service Provider&#8217;s CBMID does not address three of the sub requirements.</p></td>
</tr>
<tr>
<td><p id="36C8EF57-F844-42CE-AC58-CBE76D0750CC">R2.</p></td>
<td><p id="80F56D52-1072-474B-AC61-6C72FFE9B396">The Transmission Service Provider that maintains CBM notifies one or more of the entities specified in R2 of a change in the CBM ID after the effective date of the change, but not more than 30 calendar days after the effective date of the change.</p></td>
<td><p id="D60B5691-CD2A-4FA5-90D2-C86AA9646998">The Transmission Service Provider that maintains CBM notifies one or more of the entities specified in R2 of a change in the CBM ID 30 or more calendar days but not more than 60 calendar days after the effective date of the change.</p></td>
<td><p id="443A718B-DB85-40B1-9A49-E6D246E20813">The Transmission Service Provider that maintains CBM notifies one or more of the entities specified in R2 of a change in the CBM ID 60 or more calendar days but not more than 90 calendar days after the effective date of the change.</p>
<p id="106B230E-BC19-4ECD-AFE6-080F4E675552">OR</p>
<p id="844C636C-9200-43F9-A398-853768FFFFD8">The Transmission Service Provider that maintains CBM made available the CBMID to at least one, but not all, of the entities specified in R2.</p></td>
<td><p id="EC820FB6-8B06-40E3-AC62-B71685FBAF68">The Transmission Service Provider that maintains CBM notifies one or more of the entities specified in R2 of a change in the CBM ID more than 90 calendar days after the effective date of the change.</p>
<p id="2C95479E-914B-4319-8166-5BC4D42C9F13">OR</p>
<p id="73B17296-CD83-4FC0-8324-69941B1824B7">The Transmission Service Provider that maintains CBM made available the CBMID to none of the entities specified in R2.</p></td>
</tr>
<tr>
<td><p id="929635B2-3A7D-4A29-BCCF-A223B05221E9">R3.</p></td>
<td></td>
<td><p id="99120F7E-3E9C-4BA7-AB65-94EE3C5F3E9E">The Load-Serving Entity did not use one of the methods described in R3.1</p>
<p id="11111F66-A8A1-41E9-A1DF-666351EBCDB3">OR</p>
<p id="06868268-5ED2-4E30-8A20-1EF951C13AD3">The Load-Serving Entity did not identify paths or regions as described in R3.2</p></td>
<td></td>
<td><p id="23F279BB-1386-47A5-9AEA-FBAD638BF0F5">The Load-Serving Entity did not use one of the methods described in R3.1</p>
<p id="BDDFDC23-B75A-4CDA-9AE4-9FDD4E9F2A52">AND</p>
<p id="409321FD-5963-4290-B6E1-6268FBF03D4F">The Load-Serving Entity did not identify paths or regions as described in R3.2</p></td>
</tr>
<tr>
<td><p id="B0100A11-6372-4D56-AC82-9261E36D4C25">R4</p></td>
<td></td>
<td><p id="D5BDD41A-BB4A-464F-B98B-9DE1603B6C62">The Resource Planner did not use one of the methods described in R4.1</p>
<p id="33C02D0F-00CA-49D6-AF1A-98C116291638">OR</p>
<p id="94968C70-FAEC-4610-B8DA-442D8BD04740">The Resource Planner did not identify paths or regions as described in R4.2</p></td>
<td></td>
<td><p id="F8208409-0911-4670-816A-D98F9741C7FF">The Resource Planner did not use one of the methods described in R4.1</p>
<p id="E11670BC-D3E6-4F9D-A055-E287F1050735">AND</p>
<p id="EC2D6786-0730-4815-998E-4EA0A616A473">The Resource Planner did not identify paths or regions as described in R4.2</p></td>
</tr>
<tr>
<td><p id="0EA6AA59-4BD0-461C-B7B8-22564C3770CA">R5.</p></td>
<td><p id="AAA0E43F-D127-42EF-8C66-B71894F8A374">The Transmission Service Provider that maintains CBM established CBM more than 13 months, but not more than 16 months, after the last time the values were established.</p></td>
<td><p id="B51F11DB-5B9D-42D3-9937-698AA8BF2DF1">The Transmission Service Provider that maintains CBM established CBM more than 16 months, but not more than 19 months, after the last time the values were established.</p>
<p id="F3B36EB3-C8B3-436D-ACA4-A86B8FDCD826">OR</p>
<p id="8DC1C54D-F227-4F63-949D-0EA9E7FDD4D0">The Transmission Service Provider that maintains CBM did not consider one or more of the items described in R5.1 that was available.</p>
<p id="AAA64CAB-4B21-422F-AC6D-3FF8A83F77C1">OR</p>
<p id="11DA618D-24CF-463E-9873-BEC1AC0F81F2">The Transmission Service Provider that maintains CBM did not base the allocation on</p>
<p id="51170DCF-8146-487F-B723-22D93EF02D87">one or more paths or regions as</p>
<p id="91A2EE1C-A8AC-44A1-A97F-2355AE55FA28">described in R5.2.</p></td>
<td><p id="517206E6-94AD-419B-A43D-C9EAE04012DF">The Transmission Service Provider that maintains CBM established CBM more than 19 months, but not more than 22 months, after the last time the values were established.</p></td>
<td><p id="79D8464B-AB1E-4547-9F2C-5D69C8076F9E">The Transmission Service Provider that maintains CBM established CBM more than 22 months after the last time the values were established.</p>
<p id="7C1EC621-ABE3-43AB-BBAA-DC30F4734237">OR</p>
<p id="25B522A6-023B-45F2-A780-F5B36A7C53AE">The Transmission Service Provider that maintains CBM failed to establish an initial value for CBM.</p>
<p id="C8B3533F-F62B-45FC-AF47-FC9CB6D0D091">OR</p>
<p id="7C02D9E9-5EAD-4F01-B9A7-E20D90282576">The Transmission Service Provider that maintains CBM did not consider one or more of the items described in R5.1 that was available, and did not base</p>
<p id="89701258-E5D4-4C5A-AE46-0853628B556D">the allocation on one or more</p>
<p id="C0E17DC7-DAA6-4473-B37D-8C6F8577091C">paths or regions as described in R5.2</p></td>
</tr>
<tr>
<td><p id="04B69149-55B1-4BDA-9CA1-91D46196B2F2">R6.</p></td>
<td><p id="DDDC484F-6B4D-4720-AD1A-15823A782CA8">The Transmission Planner with an associated Transmission Service Provider that maintains CBM established CBM for each of the years 2 through 10 more than 13 months, but not more than 16 months, after the last time the values were established.</p></td>
<td><p id="6FADE2DD-F7DF-49CC-BFAF-38B6C4E761E2">The Transmission Planner with an associated Transmission Service Provider that maintains CBM established CBM for each of the years 2 through 10 more than 16 months, but not more than 19 months, after the last time the values were established.</p>
<p id="DF752CD9-5953-4B7B-B094-D4451BF3096B">OR</p>
<p id="DEBDD4A7-AC98-4D5D-AAE9-ADA54662FE02">The Transmission Planner with an associated Transmission Service Provider that maintains CBM did not consider one or more of the items described in R6.1 that was available.</p>
<p id="49B863ED-2BA1-40BF-8CAC-3039764DBF6E">OR</p>
<p id="C8864F88-DDA8-4B26-BD2F-CDBF9C7B17F3">The Transmission Planner with an associated Transmission Service Provider that maintains CBM did not base the allocation on one or more paths or regions as described in R6.2</p></td>
<td><p id="D17F8558-E4BC-49A1-AF88-EC125175F54B">The Transmission Planner with an associated Transmission Service Provider that maintains CBM established CBM for each of the years 2 through 10 more than 19 months, but not more than 22 months, after the last time the values were established.</p></td>
<td><p id="804F2AFF-7D39-4143-8508-4DEEF025FC65">The Transmission Planner with an associated Transmission Service Provider that maintains CBM established CBM for each of the years 2 through 10 more than 22 months after the last time the values were established.</p>
<p id="72D34A17-CB7A-499E-B8EB-F5AC85486559">OR</p>
<p id="C59D4CB3-94CE-4EB4-B688-BF0DBD6864EE">The Transmission Planner with an associated Transmission Service Provider that maintains CBM failed to establish an initial value for CBM for each of the years 2 through 10.</p>
<p id="B7541EB1-0D68-4D7E-B785-87912471B1B5">OR</p>
<p id="C89C0886-2C07-4BBF-812B-FDF1015B0D77">The Transmission Planner with an associated Transmission Service Provider that maintains CBM did not consider one or more of the items described in R6.1 that was available, and did not base the allocation on one or more paths or regions as described in R6.2</p></td>
</tr>
<tr>
<td><p id="3E5B02F2-A531-4A62-921A-C0295FD4CB3D">R7.</p></td>
<td><p id="576E9111-C46D-4DAB-8A25-CD48839E1ECF">The Transmission Service Provider that maintains CBM notified all the entities as required, but did so in 31 or more days, but less than 45 days.</p></td>
<td><p id="65A774BD-6F1E-40F5-B6DA-6801027717F7">The Transmission Service Provider that maintains CBM notified all the entities as required, but did so in 45 or more days, but less than 60 days.</p></td>
<td><p id="B37C3F7E-1068-4FD4-A345-A38FC06AF669">The Transmission Service Provider that maintains CBM notified all the entities as required, but did so in 60 or more days, but less than 75 days.</p>
<p id="49B734CD-A6C5-4543-B861-601AECAE0619">OR</p>
<p id="FF626B54-CB35-4780-A9FC-8119DAC7D1A6">The Transmission Service Provider that maintains CBM notified at least one, but not all, of the entities as required.</p></td>
<td><p id="D44CF027-DEFB-4DA6-9F60-2BAD5DF6B603">The Transmission Service Provider that maintains CBM notified all the entities as required, but did so in 75 or more days,</p>
<p id="19605C6E-DC21-4BEC-A963-53C71D662884">OR</p>
<p id="17DA7ED0-D932-4D23-B4E2-767AC3F11D1B">The Transmission Service Provider that maintains CBM notified none of the entities as required.</p></td>
</tr>
<tr>
<td><p id="97C7486C-D1DF-4597-BDE6-7FF5A6C2CEE7">R8.</p></td>
<td><p id="5FE8B0F2-5989-4C43-84EA-0B2C309707A3">The Transmission Planner with an associated Transmission Service Provider that maintains CBM notified all the entities as required, but did so in 31 or more days, but less than 45 days.</p></td>
<td><p id="880AFC9A-5758-470B-86ED-80435D68E149">The Transmission Planner with an associated Transmission Service Provider that maintains CBM notified all the entities as required, but did so in 45 or more days, but less than 60 days.</p></td>
<td><p id="E56E612F-7EF1-49E6-8DDE-4C393E40584D">The Transmission Planner with an associated Transmission Service Provider that maintains CBM notified all the entities as required, but did so in 60 or more days, but less than 75 days.</p>
<p id="65207A34-2C11-4A8E-BDB6-608F7952C446">OR</p>
<p id="158DD62C-F8D1-46BA-A2AE-D4CE93A83B7D">The Transmission Planner with an associated Transmission Service Provider that maintains CBM notified at least one, but not all, of the entities as required.</p></td>
<td><p id="3BEF958D-35E9-4061-90C9-E2A100837811">The Transmission Planner with an associated Transmission Service Provider that maintains CBM notified all the entities as required, but did so in 75 or more days,</p>
<p id="C2D20B1A-C828-410D-B450-AF63E4D7C4A1">OR</p>
<p id="6CE0A024-05B6-4D34-8BF2-C6A7E4E25022">The Transmission Planner with an associated Transmission Service Provider that maintains CBM notified none of the entities as required.</p></td>
</tr>
<tr>
<td><p id="F3D65AC5-DDF6-42F9-B831-FCC8E417FCB1">R9.</p></td>
<td><p id="BB341524-B895-4C5F-A324-C778151AA410">The Transmission Service Provider or Transmission Planner provided a requester specified in R9 with the supporting data, including models, used to allocate CBM more than 30, but not more than 45, days after the submission of the request.</p></td>
<td><p id="44153298-E9BA-4D69-B988-34B53465FC1D">The Transmission Service Provider or Transmission Planner provided a requester specified in R9 with the supporting data, including models, used to allocate CBM more than 45, but not more than 60, days after the submission of the request.</p></td>
<td><p id="C77C7EA0-88A9-47F6-9C98-840A352058FA">The Transmission Service Provider or Transmission Planner provided a requester specified in R9 with the supporting data, including models, used to allocate CBM more than 60, but not more than 75, days after the submission of the request.</p>
<p id="03F838B0-FEC3-41AA-8FCC-F835E70F8F90">OR</p>
<p id="6ED6E1B8-76C4-4CA8-BA53-266629B1ABD0">The Transmission Service Provider or Transmission Planner provided at least one, but not all, of the requesters specified in R9 with the supporting data, including models, used to allocate CBM.</p></td>
<td><p id="905D96FD-9FFC-4A28-80AE-DE2B493F08E8">The Transmission Service Provider or Transmission Planner provided a requester specified in R9 with the supporting data, including models, used to allocate CBM more than 75 days after the submission of the request.</p>
<p id="D3729270-2B2E-4AA4-8CF7-F84FAED2AF38">OR</p>
<p id="56A079C2-EF8A-4A6C-BADF-7B5215DEB872">The Transmission Service Provider or Transmission Planner provided none of the requesters specified in R9 with the supporting data, including models, used to allocate CBM.</p></td>
</tr>
<tr>
<td><p id="0B77FF00-29A7-428A-A426-11E0FD69E4BE">R10.</p></td>
<td><p id="D8E82653-EE31-44F1-B2BB-444E5FDCBA54">N/A</p></td>
<td><p id="FA2C95AF-7A9E-4B4A-839E-8E7CC797D6CA">N/A</p></td>
<td><p id="C8B6B876-F425-41B1-ADAC-A29929AA7A26">N/A</p></td>
<td><p id="D937BE16-BEF9-40D8-BF02-320C8312E100">A Load-Serving Entity or Balancing Authority requested to schedule energy over CBM while not in an EEA 2 or higher.</p></td>
</tr>
<tr>
<td><p id="EFB71344-0E01-4D48-97A6-B820AB53F7D6">R11.</p></td>
<td><p id="301CC290-7D95-47E6-B1AD-E85C6520BE96">N/A</p></td>
<td><p id="2997578F-2078-420B-A7E8-D6FBE5DE5511">N/A</p></td>
<td><p id="CF3DF5C9-373E-46BE-9FCD-505F4F07F176">N/A</p></td>
<td><p id="6C939DA5-7F1C-4213-81F4-E44E2B5BDD54">A Balancing Authority or Transmission Service Provider denied an Arranged Interchange using CBM based on timing or ramping requirements without a reliability reason to do so.</p></td>
</tr>
<tr>
<td><p id="84339791-C8D9-4F39-8233-FD2F9ECE4653">R12.</p></td>
<td><p id="E1049283-B4D2-4FBF-874D-FE1EA6B553CC">N/A</p></td>
<td><p id="902D86CD-D711-4C10-BD8B-C09719962C40">N/A</p></td>
<td><p id="86C63C9C-CD13-4C9C-A5C9-FF92CEA58452">N/A</p></td>
<td><p id="40493F28-4FAE-4AA0-9276-E6E03080854A">The Transmission Service Provider failed to approve an Arranged Interchange for CBM that met the criteria described in R12 without a reliability reason to do so.</p></td>
</tr>
</table>
</html>
<level rule="7216592B-FB7E-483E-AA81-236BAFADB069" id="4CB33ED1-7C6F-4161-B454-D0DD196B180F" num="4">
<title>Version History</title>
<html>
<table>
<tr>
<td><p id="4D07F8EA-3859-48A2-AB56-E5E05A2B48F3">Version</p></td>
<td><p id="32F9E02D-3A81-4C0D-B400-59F174D018E9">Date</p></td>
<td><p id="B814772A-CFFD-4698-9CEE-76B82B447A2B">Action</p></td>
<td><p id="BF1706F7-59BE-4126-B2D1-B5EDF9D1A644">Change Tracking</p></td>
</tr>
<tr>
<td><p id="0205788C-49EC-4E1E-8E1D-BB65B3BE3F8A">1</p></td>
<td><p id="B93DF5E6-49DA-466D-8AAA-61E75AB11B4C">February 28, 2014</p></td>
<td><p id="B7D85B78-BE10-46BD-9B97-23F27CA11568">Updated VRF designations for Requirements R3 and R4 from Lower to Medium based on June 24, 2013 approval.</p></td>
<td></td>
</tr>
<tr>
<td><p id="D65837B2-3FD8-4671-9825-2A37676FC237">1</p></td>
<td><p id="E936763D-A97F-460B-85DC-41AFE1EB1871">January 14, 2016</p></td>
<td><p id="5952C8AE-7B00-4930-91D7-7663EE7DEA61">Corrected VRF designations from Lower to Medium for the following requirements based FERC Letter Order dated June 24, 2013: R1, R2, R5, R6, R7</p></td>
<td></td>
</tr>
</table>
</html>
</level>
</level>
</level>
<removed_paragraphs>
<p id="EA520D14-BCC2-4FA6-A3E8-F631D078C115"/>
</removed_paragraphs>
</level>
</body>
</document>
