<?xml version="1.0" standalone="yes"?>
<NewDataSet>
  <DataTable>
    <Documentid>DOC123S489</Documentid>
    <DocumentUrl>/web/document/DOC123S489?search=DOCSEARCH26S2</DocumentUrl>
  </DataTable>
  <DataTable>
    <Documentid>DOC123S488</Documentid>
    <DocumentUrl>/web/document/DOC123S488?search=DOCSEARCH26S2</DocumentUrl>
  </DataTable>
  <DataTable>
    <Documentid>DOC123S487</Documentid>
    <DocumentUrl>/web/document/DOC123S487?search=DOCSEARCH26S2</DocumentUrl>
  </DataTable>
  <DataTable>
    <Documentid>DOC123S486</Documentid>
    <DocumentUrl>/web/document/DOC123S486?search=DOCSEARCH26S2</DocumentUrl>
  </DataTable>
  <DataTable>
    <Documentid>DOC123S485</Documentid>
    <DocumentUrl>/web/document/DOC123S485?search=DOCSEARCH26S2</DocumentUrl>
  </DataTable>
  <DataTable>
    <Documentid>DOC122S3632</Documentid>
    <DocumentUrl>/web/document/DOC122S3632?search=DOCSEARCH26S2</DocumentUrl>
  </DataTable>
  <DataTable>
    <Documentid>DOC122S3631</Documentid>
    <DocumentUrl>/web/document/DOC122S3631?search=DOCSEARCH26S2</DocumentUrl>
  </DataTable>
  <DataTable>
    <Documentid>DOC122S3630</Documentid>
    <DocumentUrl>/web/document/DOC122S3630?search=DOCSEARCH26S2</DocumentUrl>
  </DataTable>
  <DataTable>
    <Documentid>DOC122S3629</Documentid>
    <DocumentUrl>/web/document/DOC122S3629?search=DOCSEARCH26S2</DocumentUrl>
  </DataTable>
  <DataTable>
    <Documentid>DOC122S3628</Documentid>
    <DocumentUrl>/web/document/DOC122S3628?search=DOCSEARCH26S2</DocumentUrl>
  </DataTable>
  <DataTable>
    <Documentid>DOC122S3627</Documentid>
    <DocumentUrl>/web/document/DOC122S3627?search=DOCSEARCH26S2</DocumentUrl>
  </DataTable>
  <DataTable>
    <Documentid>DOC122S3626</Documentid>
    <DocumentUrl>/web/document/DOC122S3626?search=DOCSEARCH26S2</DocumentUrl>
  </DataTable>
  <DataTable>
    <Documentid>DOC123S484</Documentid>
    <DocumentUrl>/web/document/DOC123S484?search=DOCSEARCH26S2</DocumentUrl>
  </DataTable>
  <DataTable>
    <Documentid>DOC123S483</Documentid>
    <DocumentUrl>/web/document/DOC123S483?search=DOCSEARCH26S2</DocumentUrl>
  </DataTable>
  <DataTable>
    <Documentid>DOC123S482</Documentid>
    <DocumentUrl>/web/document/DOC123S482?search=DOCSEARCH26S2</DocumentUrl>
  </DataTable>
  <DataTable>
    <Documentid>DOC123S481</Documentid>
    <DocumentUrl>/web/document/DOC123S481?search=DOCSEARCH26S2</DocumentUrl>
  </DataTable>
  <DataTable>
    <Documentid>DOC123S479</Documentid>
    <DocumentUrl>/web/document/DOC123S479?search=DOCSEARCH26S2</DocumentUrl>
  </DataTable>
  <DataTable>
    <Documentid>DOC123S478</Documentid>
    <DocumentUrl>/web/document/DOC123S478?search=DOCSEARCH26S2</DocumentUrl>
  </DataTable>
  <DataTable>
    <Documentid>DOC123S477</Documentid>
    <DocumentUrl>/web/document/DOC123S477?search=DOCSEARCH26S2</DocumentUrl>
  </DataTable>
  <DataTable>
    <Documentid>DOC123S476</Documentid>
    <DocumentUrl>/web/document/DOC123S476?search=DOCSEARCH26S2</DocumentUrl>
  </DataTable>
  <DataTable>
    <Documentid>DOC122S3625</Documentid>
    <DocumentUrl>/web/document/DOC122S3625?search=DOCSEARCH26S2</DocumentUrl>
  </DataTable>
  <DataTable>
    <Documentid>DOC122S3624</Documentid>
    <DocumentUrl>/web/document/DOC122S3624?search=DOCSEARCH26S2</DocumentUrl>
  </DataTable>
  <DataTable>
    <Documentid>DOC122S3623</Documentid>
    <DocumentUrl>/web/document/DOC122S3623?search=DOCSEARCH26S2</DocumentUrl>
  </DataTable>
  <DataTable>
    <Documentid>DOC122S3620</Documentid>
    <DocumentUrl>/web/document/DOC122S3620?search=DOCSEARCH26S2</DocumentUrl>
  </DataTable>
  <DataTable>
    <Documentid>DOC122S3619</Documentid>
    <DocumentUrl>/web/document/DOC122S3619?search=DOCSEARCH26S2</DocumentUrl>
  </DataTable>
  <DataTable>
    <Documentid>DOC122S3618</Documentid>
    <DocumentUrl>/web/document/DOC122S3618?search=DOCSEARCH26S2</DocumentUrl>
  </DataTable>
  <DataTable>
    <Documentid>DOC122S3617</Documentid>
    <DocumentUrl>/web/document/DOC122S3617?search=DOCSEARCH26S2</DocumentUrl>
  </DataTable>
  <DataTable>
    <Documentid>DOC122S3616</Documentid>
    <DocumentUrl>/web/document/DOC122S3616?search=DOCSEARCH26S2</DocumentUrl>
  </DataTable>
  <DataTable>
    <Documentid>DOC122S3615</Documentid>
    <DocumentUrl>/web/document/DOC122S3615?search=DOCSEARCH26S2</DocumentUrl>
  </DataTable>
  <DataTable>
    <Documentid>DOC122S3614</Documentid>
    <DocumentUrl>/web/document/DOC122S3614?search=DOCSEARCH26S2</DocumentUrl>
  </DataTable>
  <DataTable>
    <Documentid>DOC122S3613</Documentid>
    <DocumentUrl>/web/document/DOC122S3613?search=DOCSEARCH26S2</DocumentUrl>
  </DataTable>
  <DataTable>
    <Documentid>DOC122S3612</Documentid>
    <DocumentUrl>/web/document/DOC122S3612?search=DOCSEARCH26S2</DocumentUrl>
  </DataTable>
  <DataTable>
    <Documentid>DOC122S3611</Documentid>
    <DocumentUrl>/web/document/DOC122S3611?search=DOCSEARCH26S2</DocumentUrl>
  </DataTable>
  <DataTable>
    <Documentid>DOC123S475</Documentid>
    <DocumentUrl>/web/document/DOC123S475?search=DOCSEARCH26S2</DocumentUrl>
  </DataTable>
  <DataTable>
    <Documentid>DOC123S474</Documentid>
    <DocumentUrl>/web/document/DOC123S474?search=DOCSEARCH26S2</DocumentUrl>
  </DataTable>
  <DataTable>
    <Documentid>DOC123S472</Documentid>
    <DocumentUrl>/web/document/DOC123S472?search=DOCSEARCH26S2</DocumentUrl>
  </DataTable>
  <DataTable>
    <Documentid>DOC123S471</Documentid>
    <DocumentUrl>/web/document/DOC123S471?search=DOCSEARCH26S2</DocumentUrl>
  </DataTable>
  <DataTable>
    <Documentid>DOC123S468</Documentid>
    <DocumentUrl>/web/document/DOC123S468?search=DOCSEARCH26S2</DocumentUrl>
  </DataTable>
  <DataTable>
    <Documentid>DOC123S467</Documentid>
    <DocumentUrl>/web/document/DOC123S467?search=DOCSEARCH26S2</DocumentUrl>
  </DataTable>
  <DataTable>
    <Documentid>DOC122S3608</Documentid>
    <DocumentUrl>/web/document/DOC122S3608?search=DOCSEARCH26S2</DocumentUrl>
  </DataTable>
  <DataTable>
    <Documentid>DOC122S3607</Documentid>
    <DocumentUrl>/web/document/DOC122S3607?search=DOCSEARCH26S2</DocumentUrl>
  </DataTable>
  <DataTable>
    <Documentid>DOC122S3606</Documentid>
    <DocumentUrl>/web/document/DOC122S3606?search=DOCSEARCH26S2</DocumentUrl>
  </DataTable>
  <DataTable>
    <Documentid>DOC122S3605</Documentid>
    <DocumentUrl>/web/document/DOC122S3605?search=DOCSEARCH26S2</DocumentUrl>
  </DataTable>
  <DataTable>
    <Documentid>DOC122S3604</Documentid>
    <DocumentUrl>/web/document/DOC122S3604?search=DOCSEARCH26S2</DocumentUrl>
  </DataTable>
  <DataTable>
    <Documentid>DOC122S3603</Documentid>
    <DocumentUrl>/web/document/DOC122S3603?search=DOCSEARCH26S2</DocumentUrl>
  </DataTable>
  <DataTable>
    <Documentid>DOC122S3602</Documentid>
    <DocumentUrl>/web/document/DOC122S3602?search=DOCSEARCH26S2</DocumentUrl>
  </DataTable>
  <DataTable>
    <Documentid>DOC122S3599</Documentid>
    <DocumentUrl>/web/document/DOC122S3599?search=DOCSEARCH26S2</DocumentUrl>
  </DataTable>
  <DataTable>
    <Documentid>DOC122S3598</Documentid>
    <DocumentUrl>/web/document/DOC122S3598?search=DOCSEARCH26S2</DocumentUrl>
  </DataTable>
  <DataTable>
    <Documentid>DOC122S3597</Documentid>
    <DocumentUrl>/web/document/DOC122S3597?search=DOCSEARCH26S2</DocumentUrl>
  </DataTable>
  <DataTable>
    <Documentid>DOC122S3594</Documentid>
    <DocumentUrl>/web/document/DOC122S3594?search=DOCSEARCH26S2</DocumentUrl>
  </DataTable>
  <DataTable>
    <Documentid>DOC122S3593</Documentid>
    <DocumentUrl>/web/document/DOC122S3593?search=DOCSEARCH26S2</DocumentUrl>
  </DataTable>
  <DataTable>
    <Documentid>DOC123S470</Documentid>
    <DocumentUrl>/web/document/DOC123S470?search=DOCSEARCH26S2</DocumentUrl>
  </DataTable>
  <DataTable>
    <Documentid>DOC123S469</Documentid>
    <DocumentUrl>/web/document/DOC123S469?search=DOCSEARCH26S2</DocumentUrl>
  </DataTable>
  <DataTable>
    <Documentid>DOC122S3592</Documentid>
    <DocumentUrl>/web/document/DOC122S3592?search=DOCSEARCH26S2</DocumentUrl>
  </DataTable>
  <DataTable>
    <Documentid>DOC122S3591</Documentid>
    <DocumentUrl>/web/document/DOC122S3591?search=DOCSEARCH26S2</DocumentUrl>
  </DataTable>
  <DataTable>
    <Documentid>DOC122S3590</Documentid>
    <DocumentUrl>/web/document/DOC122S3590?search=DOCSEARCH26S2</DocumentUrl>
  </DataTable>
  <DataTable>
    <Documentid>DOC122S3589</Documentid>
    <DocumentUrl>/web/document/DOC122S3589?search=DOCSEARCH26S2</DocumentUrl>
  </DataTable>
  <DataTable>
    <Documentid>DOC122S3588</Documentid>
    <DocumentUrl>/web/document/DOC122S3588?search=DOCSEARCH26S2</DocumentUrl>
  </DataTable>
  <DataTable>
    <Documentid>DOC122S3587</Documentid>
    <DocumentUrl>/web/document/DOC122S3587?search=DOCSEARCH26S2</DocumentUrl>
  </DataTable>
  <DataTable>
    <Documentid>DOC123S466</Documentid>
    <DocumentUrl>/web/document/DOC123S466?search=DOCSEARCH26S2</DocumentUrl>
  </DataTable>
  <DataTable>
    <Documentid>DOC123S465</Documentid>
    <DocumentUrl>/web/document/DOC123S465?search=DOCSEARCH26S2</DocumentUrl>
  </DataTable>
  <DataTable>
    <Documentid>DOC123S464</Documentid>
    <DocumentUrl>/web/document/DOC123S464?search=DOCSEARCH26S2</DocumentUrl>
  </DataTable>
  <DataTable>
    <Documentid>DOC122S3586</Documentid>
    <DocumentUrl>/web/document/DOC122S3586?search=DOCSEARCH26S2</DocumentUrl>
  </DataTable>
  <DataTable>
    <Documentid>DOC122S3585</Documentid>
    <DocumentUrl>/web/document/DOC122S3585?search=DOCSEARCH26S2</DocumentUrl>
  </DataTable>
  <DataTable>
    <Documentid>DOC122S3584</Documentid>
    <DocumentUrl>/web/document/DOC122S3584?search=DOCSEARCH26S2</DocumentUrl>
  </DataTable>
  <DataTable>
    <Documentid>DOC122S3583</Documentid>
    <DocumentUrl>/web/document/DOC122S3583?search=DOCSEARCH26S2</DocumentUrl>
  </DataTable>
  <DataTable>
    <Documentid>DOC122S3582</Documentid>
    <DocumentUrl>/web/document/DOC122S3582?search=DOCSEARCH26S2</DocumentUrl>
  </DataTable>
  <DataTable>
    <Documentid>DOC122S3581</Documentid>
    <DocumentUrl>/web/document/DOC122S3581?search=DOCSEARCH26S2</DocumentUrl>
  </DataTable>
  <DataTable>
    <Documentid>DOC122S3580</Documentid>
    <DocumentUrl>/web/document/DOC122S3580?search=DOCSEARCH26S2</DocumentUrl>
  </DataTable>
</NewDataSet>