{"ProjectBreakpoints":"{\"Value\":{\"DAMCO/StartSearchCrawling.xaml\":[{\"ConditionalExpression\":null,\"ActionExpression\":null,\"ExpectedHitCounter\":null,\"ShouldContinueAfterAction\":false,\"IsEnabled\":false,\"ActivityIdRef\":\"ExtractData_1\",\"ActivityId\":\"1.50\",\"ActivityName\":\"Extract Structured Data 'DIV'\"},{\"ConditionalExpression\":null,\"ActionExpression\":null,\"ExpectedHitCounter\":null,\"ShouldContinueAfterAction\":false,\"IsEnabled\":false,\"ActivityIdRef\":\"Sequence_2\",\"ActivityId\":\"1.3\",\"ActivityName\":\"Do\"},{\"ConditionalExpression\":null,\"ActionExpression\":null,\"ExpectedHitCounter\":null,\"ShouldContinueAfterAction\":false,\"IsEnabled\":false,\"ActivityIdRef\":\"If_1\",\"ActivityId\":\"1.21\",\"ActivityName\":\"If\"},{\"ConditionalExpression\":null,\"ActionExpression\":null,\"ExpectedHitCounter\":null,\"ShouldContinueAfterAction\":false,\"IsEnabled\":false,\"ActivityIdRef\":\"InvokeWorkflowFile_1\",\"ActivityId\":\"1.42\",\"ActivityName\":\"Invoke CreateSearchResultDataTable workflow\"}],\"DAMCO/RemoveDuplicateRecordFromExcel.xaml\":[{\"ConditionalExpression\":null,\"ActionExpression\":null,\"ExpectedHitCounter\":null,\"ShouldContinueAfterAction\":false,\"IsEnabled\":false,\"ActivityIdRef\":\"InvokeCode_1\",\"ActivityId\":\"1.43\",\"ActivityName\":\"Invoke code\"},{\"ConditionalExpression\":null,\"ActionExpression\":null,\"ExpectedHitCounter\":null,\"ShouldContinueAfterAction\":false,\"IsEnabled\":true,\"ActivityIdRef\":\"WriteRange_1\",\"ActivityId\":\"1.15\",\"ActivityName\":\"Write Range\"}],\"Main.xaml\":[{\"ConditionalExpression\":null,\"ActionExpression\":null,\"ExpectedHitCounter\":null,\"ShouldContinueAfterAction\":false,\"IsEnabled\":true,\"ActivityIdRef\":\"InvokeWorkflowFile_20\",\"ActivityId\":\"1.86\",\"ActivityName\":\"Invoke RemoveDuplicateRecordFromExcel workflow\"},{\"ConditionalExpression\":null,\"ActionExpression\":null,\"ExpectedHitCounter\":null,\"ShouldContinueAfterAction\":false,\"IsEnabled\":false,\"ActivityIdRef\":\"InvokeWorkflowFile_22\",\"ActivityId\":\"1.55\",\"ActivityName\":\"Invoke GetConfigFileDetails workflow\"},{\"ConditionalExpression\":null,\"ActionExpression\":null,\"ExpectedHitCounter\":null,\"ShouldContinueAfterAction\":false,\"IsEnabled\":false,\"ActivityIdRef\":\"TryCatch_2\",\"ActivityId\":\"1.15\",\"ActivityName\":\"Catch intialization exceptions\"}],\"DAMCO/HttpRequestHandler.xaml\":[{\"ConditionalExpression\":null,\"ActionExpression\":null,\"ExpectedHitCounter\":null,\"ShouldContinueAfterAction\":false,\"IsEnabled\":false,\"ActivityIdRef\":\"Assign_1\",\"ActivityId\":\"1.93\",\"ActivityName\":\"Assign\"}],\"DAMCO/CreateSearchResultDataTable.xaml\":[{\"ConditionalExpression\":null,\"ActionExpression\":null,\"ExpectedHitCounter\":null,\"ShouldContinueAfterAction\":false,\"IsEnabled\":false,\"ActivityIdRef\":\"Assign_7\",\"ActivityId\":\"1.15\",\"ActivityName\":\"Assign\"},{\"ConditionalExpression\":null,\"ActionExpression\":null,\"ExpectedHitCounter\":null,\"ShouldContinueAfterAction\":false,\"IsEnabled\":false,\"ActivityIdRef\":\"Assign_6\",\"ActivityId\":\"1.40\",\"ActivityName\":\"Assign\"}],\"Framework/InitAllSettings.xaml\":[{\"ConditionalExpression\":null,\"ActionExpression\":null,\"ExpectedHitCounter\":null,\"ShouldContinueAfterAction\":false,\"IsEnabled\":false,\"ActivityIdRef\":\"ReadRange_2\",\"ActivityId\":\"1.19\",\"ActivityName\":\"Read range settings\"},{\"ConditionalExpression\":null,\"ActionExpression\":null,\"ExpectedHitCounter\":null,\"ShouldContinueAfterAction\":false,\"IsEnabled\":true,\"ActivityIdRef\":\"ReadRange_3\",\"ActivityId\":null,\"ActivityName\":\"Read range Assets\"}],\"DAMCO/GetConfigFileDetails.xaml\":[{\"ConditionalExpression\":null,\"ActionExpression\":null,\"ExpectedHitCounter\":null,\"ShouldContinueAfterAction\":false,\"IsEnabled\":false,\"ActivityIdRef\":\"If_2\",\"ActivityId\":\"1.22\",\"ActivityName\":\"Validate today date input folder path exist\"},{\"ConditionalExpression\":null,\"ActionExpression\":null,\"ExpectedHitCounter\":null,\"ShouldContinueAfterAction\":false,\"IsEnabled\":false,\"ActivityIdRef\":\"InvokeCode_2\",\"ActivityId\":\"1.32\",\"ActivityName\":\"Invoke code\"}],\"DAMCO/ReadCompanyInfo.xaml\":[{\"ConditionalExpression\":null,\"ActionExpression\":null,\"ExpectedHitCounter\":null,\"ShouldContinueAfterAction\":false,\"IsEnabled\":false,\"ActivityIdRef\":\"ReadRange_1\",\"ActivityId\":\"1.74\",\"ActivityName\":\"Read Company Range\"},{\"ConditionalExpression\":null,\"ActionExpression\":null,\"ExpectedHitCounter\":null,\"ShouldContinueAfterAction\":false,\"IsEnabled\":true,\"ActivityIdRef\":\"Assign_7\",\"ActivityId\":null,\"ActivityName\":\"Assign\"}],\"Z_Diagnosis/GetInnerTextFromBrowser.xaml\":[{\"ConditionalExpression\":null,\"ActionExpression\":null,\"ExpectedHitCounter\":null,\"ShouldContinueAfterAction\":false,\"IsEnabled\":true,\"ActivityIdRef\":\"GetAttribute_1\",\"ActivityId\":\"1.24\",\"ActivityName\":\"Get Attribute\"},{\"ConditionalExpression\":null,\"ActionExpression\":null,\"ExpectedHitCounter\":null,\"ShouldContinueAfterAction\":false,\"IsEnabled\":true,\"ActivityIdRef\":\"InvokeWorkflowFile_2\",\"ActivityId\":\"1.10\",\"ActivityName\":\"Invoke WebClientHttpHandler workflow\"},{\"ConditionalExpression\":null,\"ActionExpression\":null,\"ExpectedHitCounter\":null,\"ShouldContinueAfterAction\":false,\"IsEnabled\":true,\"ActivityIdRef\":\"GetAttribute_2\",\"ActivityId\":\"1.39\",\"ActivityName\":\"Get Attribute\"}],\"DAMCO/GetPageInnerHtml.xaml\":[{\"ConditionalExpression\":null,\"ActionExpression\":null,\"ExpectedHitCounter\":null,\"ShouldContinueAfterAction\":false,\"IsEnabled\":false,\"ActivityIdRef\":\"GetAttribute_1\",\"ActivityId\":\"1.12\",\"ActivityName\":\"Get Attribute\"}],\"Z_Diagnosis/Sequence1.xaml\":[{\"ConditionalExpression\":null,\"ActionExpression\":null,\"ExpectedHitCounter\":null,\"ShouldContinueAfterAction\":false,\"IsEnabled\":false,\"ActivityIdRef\":\"Assign_3\",\"ActivityId\":\"1.93\",\"ActivityName\":\"Assign\"},{\"ConditionalExpression\":null,\"ActionExpression\":null,\"ExpectedHitCounter\":null,\"ShouldContinueAfterAction\":false,\"IsEnabled\":true,\"ActivityIdRef\":\"InvokeWorkflowFile_1\",\"ActivityId\":\"1.32\",\"ActivityName\":\"Invoke GetPageInnerHtml workflow\"},{\"ConditionalExpression\":null,\"ActionExpression\":null,\"ExpectedHitCounter\":null,\"ShouldContinueAfterAction\":false,\"IsEnabled\":false,\"ActivityIdRef\":\"Assign_2\",\"ActivityId\":\"1.77\",\"ActivityName\":\"Assign\"},{\"ConditionalExpression\":null,\"ActionExpression\":null,\"ExpectedHitCounter\":null,\"ShouldContinueAfterAction\":false,\"IsEnabled\":true,\"ActivityIdRef\":\"InvokeCode_1\",\"ActivityId\":\"1.39\",\"ActivityName\":\"Invoke code\"},{\"ConditionalExpression\":null,\"ActionExpression\":null,\"ExpectedHitCounter\":null,\"ShouldContinueAfterAction\":false,\"IsEnabled\":true,\"ActivityIdRef\":\"Assign_13\",\"ActivityId\":\"1.44\",\"ActivityName\":\"Assign\"}],\"DAMCO/WebRequestHandlerByBrowser/GetInnerTextFromBrowser.xaml\":[{\"ConditionalExpression\":null,\"ActionExpression\":null,\"ExpectedHitCounter\":null,\"ShouldContinueAfterAction\":false,\"IsEnabled\":false,\"ActivityIdRef\":\"Assign_1\",\"ActivityId\":\"1.48\",\"ActivityName\":\"Assign\"}],\"Z_Diagnosis/ParseHtml.xaml\":[{\"ConditionalExpression\":null,\"ActionExpression\":null,\"ExpectedHitCounter\":null,\"ShouldContinueAfterAction\":false,\"IsEnabled\":true,\"ActivityIdRef\":\"Assign_4\",\"ActivityId\":\"1.43\",\"ActivityName\":\"Assign\"}],\"Sequence.xaml\":[{\"ConditionalExpression\":null,\"ActionExpression\":null,\"ExpectedHitCounter\":null,\"ShouldContinueAfterAction\":false,\"IsEnabled\":true,\"ActivityIdRef\":\"ReadRange_1\",\"ActivityId\":\"1.16\",\"ActivityName\":\"Read Range\"}]}}","ProjectWatches":"{\"Value\":[]}","OpenedDocuments":"[\"DAMCO/HttpRequestHandler.xaml\",\"DAMCO/ReadCompanyInfo.xaml\",\"Main.xaml\"]"}